age,goal_time_minutes,goal_distance_km,experience_encoded,race_terrain_encoded,weeks_of_training,avg_weekly_miles_last_12w,peak_weekly_miles,avg_training_pace_min_per_mile,longest_run_miles,num_runs_20_plus,pct_miles_road,pct_miles_trail,pct_miles_track,adherence_pct,days_to_race,negative_sentiment_rate,actual_finish_time_minutes,met_goal
25.0,82.0,10.0,2.0,0.0,9.0,31.19,37.44,6.5,10.72,0.0,88.71,2.02,9.27,91.33,76.0,0.3936,81.6,1.0
43.0,41.0,10.0,2.0,1.0,16.0,14.62,19.48,7.77,6.26,0.0,9.77,66.04,24.19,75.85,31.0,0.0681,57.66,0.0
27.0,191.0,21.0975,0.0,1.0,14.0,23.24,31.62,10.25,13.46,0.0,64.49,35.32,0.18,85.47,76.0,0.0591,198.24,1.0
44.0,104.0,21.0975,1.0,0.0,18.0,27.18,36.78,8.216,8.25,0.0,68.76,9.91,21.34,68.4,52.0,0.0839,127.54,0.0
36.0,40.0,5.0,0.0,0.0,12.0,12.41,19.24,9.863,6.51,0.0,75.7,13.14,11.15,80.82,37.0,0.2662,42.22,1.0
32.0,243.0,42.195,1.0,0.0,22.0,27.77,39.43,8.763,21.03,0.0,70.97,14.55,14.48,74.87,53.0,0.0612,261.05,1.0
47.0,29.0,5.0,0.0,0.0,11.0,9.23,12.07,12.832,4.85,0.0,61.69,29.64,8.67,89.62,41.0,0.0444,39.75,0.0
22.0,188.0,21.0975,0.0,0.0,12.0,22.08,33.17,9.947,14.61,0.0,96.36,0.92,2.71,76.16,84.0,0.1659,168.88,1.0
40.0,269.0,42.195,1.0,0.0,14.0,32.53,40.22,8.911,14.56,4.0,62.23,36.65,1.12,67.29,89.0,0.1896,267.4,1.0
55.0,89.0,10.0,1.0,0.0,8.0,25.12,36.55,7.946,6.74,0.0,78.48,6.53,14.98,68.72,80.0,0.1027,87.94,1.0
22.0,36.0,5.0,1.0,0.0,12.0,11.55,14.0,9.457,7.58,0.0,69.49,27.41,3.09,87.86,26.0,0.1214,36.97,1.0
35.0,192.0,21.0975,0.0,0.0,11.0,39.92,48.99,8.231,15.46,0.0,85.26,14.3,0.45,96.47,78.0,0.2219,168.52,1.0
25.0,337.0,42.195,0.0,0.0,15.0,52.46,59.33,8.546,13.05,1.0,92.29,4.05,3.65,100.0,43.0,0.1329,243.29,1.0
32.0,41.0,5.0,1.0,0.0,6.0,12.31,17.87,8.38,6.52,0.0,62.4,33.07,4.54,100.0,83.0,0.4095,43.56,0.0
45.0,203.0,42.195,2.0,2.0,16.0,51.06,60.74,6.5,19.79,4.0,80.12,7.02,12.86,99.66,80.0,0.1394,178.45,1.0
37.0,80.0,10.0,0.0,0.0,10.0,19.33,21.83,11.545,11.5,0.0,60.42,18.36,21.21,87.27,55.0,0.2751,79.09,1.0
53.0,110.0,21.0975,0.0,1.0,16.0,33.45,48.08,8.632,15.67,0.0,15.31,65.12,19.57,73.61,87.0,0.223,142.06,0.0
54.0,179.0,21.0975,1.0,0.0,18.0,34.27,37.99,8.677,8.96,0.0,78.96,10.58,10.47,75.15,29.0,0.2618,165.42,1.0
54.0,215.0,42.195,0.0,0.0,13.0,46.82,51.23,10.585,19.8,3.0,55.86,19.47,24.67,92.28,81.0,0.2592,209.4,1.0
54.0,283.0,42.195,0.0,0.0,15.0,37.0,40.68,10.57,19.81,2.0,57.56,35.35,7.1,87.51,28.0,0.087,253.93,1.0
49.0,227.0,42.195,1.0,0.0,12.0,25.09,30.17,8.871,20.01,0.0,98.57,0.0,1.43,90.99,89.0,0.1393,266.35,0.0
53.0,40.0,5.0,0.0,0.0,12.0,21.16,24.2,9.741,7.06,0.0,50.61,27.29,22.1,60.03,24.0,0.3358,42.26,1.0
37.0,214.0,42.195,0.0,0.0,18.0,50.58,55.27,8.958,13.48,3.0,65.1,23.04,11.85,100.0,90.0,0.2531,214.16,1.0
26.0,164.0,21.0975,0.0,0.0,13.0,24.6,34.22,12.34,12.58,0.0,59.9,23.79,16.31,89.43,61.0,0.2047,168.62,1.0
26.0,201.0,21.0975,1.0,1.0,12.0,35.58,45.12,6.5,8.93,0.0,62.41,36.2,1.39,78.57,61.0,0.2635,173.62,1.0
33.0,172.0,21.0975,0.0,2.0,11.0,42.92,49.86,9.729,10.49,0.0,60.19,23.78,16.02,80.97,69.0,0.2313,177.62,1.0
49.0,45.0,5.0,0.0,0.0,8.0,18.11,25.11,9.562,6.35,0.0,75.33,1.99,22.68,87.43,65.0,0.1889,42.28,1.0
29.0,142.0,21.0975,1.0,0.0,17.0,24.81,31.0,8.309,10.71,0.0,56.85,21.85,21.3,80.95,80.0,0.2017,147.53,1.0
35.0,48.0,10.0,0.0,0.0,13.0,17.87,25.31,8.547,9.59,0.0,75.11,7.32,17.58,84.28,71.0,0.3672,55.81,0.0
55.0,32.0,5.0,0.0,0.0,12.0,20.12,23.08,10.766,8.92,0.0,85.18,13.8,1.02,76.92,41.0,0.1145,35.12,0.0
40.0,373.0,42.195,1.0,0.0,12.0,21.25,30.05,9.522,18.75,1.0,48.4,29.97,21.64,66.61,48.0,0.1385,318.79,0.0
49.0,78.0,10.0,1.0,0.0,16.0,24.83,34.61,8.79,11.12,0.0,72.9,20.23,6.87,79.72,42.0,0.0614,85.93,0.0
40.0,110.0,21.0975,2.0,1.0,18.0,28.53,31.77,6.605,11.98,0.0,55.27,43.05,1.68,89.05,60.0,0.0631,132.05,0.0
22.0,273.0,42.195,0.0,2.0,15.0,43.49,50.24,10.034,17.91,3.0,88.49,3.45,8.06,86.19,67.0,0.4441,248.56,1.0
30.0,376.0,42.195,1.0,0.0,14.0,27.22,32.28,9.157,21.55,2.0,80.69,18.42,0.9,54.98,73.0,0.1379,313.45,1.0
25.0,83.0,10.0,1.0,0.0,8.0,16.03,21.95,8.426,8.5,0.0,99.89,0.08,0.03,79.47,21.0,0.0524,82.4,1.0
53.0,150.0,21.0975,0.0,0.0,12.0,16.73,21.46,12.085,13.69,0.0,82.64,13.9,3.46,85.34,27.0,0.4191,172.67,0.0
22.0,25.0,5.0,1.0,0.0,13.0,21.37,25.46,9.663,5.27,0.0,40.36,35.02,24.62,95.63,86.0,0.0716,31.08,0.0
51.0,39.0,10.0,0.0,0.0,13.0,25.87,31.29,9.933,7.9,0.0,54.34,42.51,3.15,84.43,68.0,0.327,60.47,0.0
45.0,201.0,42.195,1.0,0.0,23.0,27.34,39.47,7.875,17.95,0.0,88.93,10.61,0.45,93.95,41.0,0.3069,230.83,0.0
47.0,160.0,21.0975,2.0,0.0,20.0,17.66,20.37,7.94,12.16,0.0,65.54,12.21,22.24,77.18,32.0,0.2419,146.69,1.0
45.0,61.0,10.0,1.0,1.0,12.0,25.73,33.01,9.762,6.63,0.0,49.36,48.14,2.5,99.13,85.0,0.2727,74.05,0.0
33.0,165.0,21.0975,0.0,0.0,16.0,24.2,34.03,10.345,11.02,0.0,78.99,16.94,4.07,87.1,24.0,0.3828,161.44,1.0
33.0,101.0,21.0975,0.0,0.0,15.0,31.32,34.44,9.307,13.22,0.0,84.41,8.22,7.37,80.76,56.0,0.1333,116.42,0.0
29.0,33.0,5.0,1.0,0.0,9.0,8.93,13.31,9.138,4.8,0.0,56.47,25.15,18.38,87.75,81.0,0.2342,39.65,0.0
34.0,48.0,10.0,0.0,0.0,15.0,17.46,25.35,10.015,10.26,0.0,63.19,23.53,13.27,98.36,81.0,0.0396,59.81,0.0
35.0,69.0,10.0,0.0,0.0,9.0,23.14,26.09,10.645,6.98,0.0,81.24,12.43,6.33,93.28,47.0,0.1767,73.95,0.0
26.0,376.0,42.195,0.0,0.0,21.0,51.02,66.67,8.038,12.5,4.0,34.45,46.78,18.77,86.9,45.0,0.4766,246.72,1.0
35.0,30.0,5.0,0.0,0.0,10.0,19.6,28.44,10.431,7.63,0.0,69.47,15.53,14.99,87.33,64.0,0.0359,31.84,1.0
54.0,289.0,42.195,1.0,0.0,18.0,52.31,67.8,6.983,19.39,1.0,59.29,27.99,12.72,83.57,49.0,0.3381,221.32,1.0
26.0,171.0,21.0975,0.0,0.0,18.0,38.31,43.34,7.846,9.97,0.0,67.67,25.45,6.88,77.96,40.0,0.1949,159.3,1.0
31.0,102.0,21.0975,2.0,0.0,13.0,27.02,40.56,6.645,11.2,0.0,57.76,18.84,23.4,90.13,83.0,0.068,112.27,1.0
32.0,383.0,42.195,1.0,1.0,15.0,38.26,48.19,7.997,14.4,3.0,42.7,50.86,6.45,87.34,46.0,0.2783,282.83,1.0
35.0,37.0,5.0,0.0,0.0,12.0,19.6,29.97,9.476,4.77,0.0,56.58,18.9,24.52,84.93,51.0,0.1587,36.72,1.0
27.0,144.0,21.0975,1.0,0.0,18.0,45.77,49.76,8.08,12.13,0.0,63.77,11.81,24.42,96.9,42.0,0.2198,131.61,1.0
37.0,51.0,10.0,1.0,0.0,14.0,23.47,35.54,7.941,11.27,0.0,85.89,12.42,1.69,87.4,27.0,0.192,65.68,0.0
24.0,387.0,42.195,1.0,1.0,12.0,38.53,44.57,8.713,14.57,0.0,30.62,50.62,18.76,100.0,42.0,0.0238,306.09,1.0
34.0,78.0,10.0,0.0,0.0,16.0,18.48,25.32,12.44,11.25,0.0,74.64,19.84,5.52,77.64,90.0,0.2057,87.89,0.0
53.0,164.0,21.0975,0.0,0.0,12.0,36.1,44.8,9.708,11.08,0.0,75.67,16.46,7.87,92.26,66.0,0.3709,167.27,1.0
45.0,192.0,21.0975,0.0,0.0,20.0,26.71,37.57,9.291,13.44,0.0,89.43,0.0,10.57,87.04,36.0,0.2055,196.07,1.0
36.0,229.0,42.195,2.0,0.0,21.0,27.42,32.84,8.72,13.22,0.0,49.29,30.22,20.5,86.93,31.0,0.0709,257.4,0.0
55.0,156.0,21.0975,2.0,0.0,15.0,25.92,31.93,7.616,9.02,0.0,55.14,23.21,21.65,69.98,43.0,0.3103,144.82,1.0
31.0,147.0,21.0975,0.0,0.0,13.0,22.21,29.62,11.16,11.03,0.0,77.94,3.98,18.08,83.17,82.0,0.1356,162.15,0.0
29.0,384.0,42.195,2.0,0.0,17.0,19.44,28.19,8.626,18.8,4.0,63.35,15.34,21.3,57.83,60.0,0.2584,331.01,1.0
44.0,218.0,42.195,0.0,0.0,15.0,61.21,68.47,8.909,13.88,4.0,67.38,23.26,9.36,51.45,48.0,0.5179,153.92,1.0
49.0,233.0,42.195,0.0,0.0,22.0,44.4,64.72,6.951,17.2,2.0,63.67,19.62,16.71,81.73,53.0,0.0321,205.75,1.0
28.0,203.0,42.195,0.0,1.0,17.0,26.46,31.39,11.621,20.71,4.0,48.41,40.82,10.78,87.27,35.0,0.071,238.74,0.0
40.0,399.0,42.195,0.0,1.0,13.0,28.11,34.54,11.7,21.16,4.0,62.54,35.88,1.58,61.2,61.0,0.258,345.63,1.0
26.0,415.0,42.195,2.0,0.0,23.0,41.54,50.92,7.096,20.99,3.0,43.96,43.96,12.07,78.19,82.0,0.0229,264.33,1.0
35.0,26.0,5.0,0.0,2.0,7.0,10.7,14.37,11.043,8.68,0.0,86.66,9.5,3.84,76.1,90.0,0.1087,34.41,0.0
44.0,388.0,42.195,0.0,0.0,18.0,42.51,46.39,10.285,15.78,1.0,68.98,26.45,4.57,98.81,34.0,0.0662,305.67,1.0
44.0,156.0,21.0975,1.0,0.0,15.0,39.2,49.84,7.038,11.82,0.0,94.3,0.0,5.7,80.27,50.0,0.1403,147.6,1.0
47.0,83.0,10.0,1.0,2.0,14.0,18.52,23.0,9.248,10.03,0.0,62.39,26.99,10.63,93.86,47.0,0.1023,89.38,1.0
39.0,356.0,42.195,0.0,2.0,15.0,25.15,34.49,10.148,14.91,1.0,48.17,34.12,17.7,72.29,58.0,0.2632,318.19,1.0
27.0,103.0,21.0975,1.0,1.0,11.0,29.21,33.45,9.263,9.93,0.0,48.04,40.27,11.69,87.98,72.0,0.167,138.45,0.0
30.0,101.0,21.0975,0.0,0.0,20.0,42.32,46.02,9.566,12.91,0.0,59.61,28.86,11.52,96.38,84.0,0.1328,127.2,0.0
46.0,234.0,42.195,1.0,2.0,20.0,49.59,65.38,6.5,16.02,4.0,52.58,23.95,23.47,60.63,91.0,0.3776,190.94,1.0
40.0,38.0,5.0,1.0,0.0,7.0,18.07,28.27,8.712,7.39,0.0,68.91,6.98,24.11,83.94,78.0,0.2656,39.3,1.0
45.0,95.0,21.0975,2.0,0.0,12.0,30.96,35.57,7.071,8.71,0.0,86.82,3.89,9.29,93.31,33.0,0.207,120.25,0.0
28.0,197.0,42.195,1.0,1.0,15.0,25.59,32.11,9.394,14.01,0.0,34.8,45.3,19.9,79.39,34.0,0.1485,239.44,0.0
35.0,87.0,10.0,0.0,0.0,15.0,22.41,33.01,10.086,11.5,0.0,82.53,11.78,5.69,86.5,81.0,0.0622,89.72,1.0
51.0,225.0,42.195,1.0,1.0,18.0,44.72,59.47,6.834,13.18,4.0,43.79,41.65,14.57,79.86,37.0,0.0727,211.03,1.0
37.0,206.0,21.0975,2.0,2.0,14.0,30.66,39.15,7.186,15.89,0.0,68.51,9.61,21.89,85.38,57.0,0.1619,170.73,1.0
48.0,408.0,42.195,0.0,1.0,12.0,41.54,51.67,8.841,12.55,2.0,32.83,57.26,9.91,92.48,45.0,0.1284,305.99,1.0
49.0,52.0,10.0,0.0,2.0,11.0,24.53,29.62,9.32,9.19,0.0,68.33,15.66,16.01,94.3,22.0,0.0965,65.24,0.0
52.0,26.0,5.0,0.0,0.0,7.0,10.02,11.43,10.873,4.37,0.0,55.06,25.58,19.36,82.45,30.0,0.1796,33.92,0.0
36.0,84.0,10.0,0.0,0.0,15.0,18.35,22.59,11.195,11.14,0.0,82.47,9.84,7.69,92.71,53.0,0.1374,91.2,0.0
45.0,27.0,5.0,1.0,0.0,12.0,8.33,11.48,10.019,6.05,0.0,77.1,4.33,18.57,76.58,27.0,0.116,30.21,0.0
55.0,38.0,5.0,1.0,0.0,10.0,14.53,19.87,8.849,8.81,0.0,73.65,20.93,5.42,62.1,62.0,0.3626,39.54,1.0
22.0,117.0,21.0975,1.0,0.0,13.0,30.81,42.79,8.608,15.25,0.0,39.66,35.37,24.97,58.31,56.0,0.2007,134.04,0.0
46.0,387.0,42.195,0.0,0.0,20.0,32.18,40.73,9.934,21.86,4.0,47.3,32.74,19.96,82.69,23.0,0.2223,319.66,1.0
32.0,30.0,5.0,2.0,0.0,7.0,11.83,14.56,9.37,6.77,0.0,74.24,9.36,16.4,78.41,22.0,0.3132,34.48,0.0
44.0,30.0,5.0,1.0,2.0,7.0,11.58,13.57,10.754,6.75,0.0,67.02,16.48,16.5,74.61,34.0,0.0605,33.64,0.0
42.0,136.0,21.0975,0.0,0.0,10.0,33.02,38.31,9.575,14.48,0.0,83.1,1.82,15.09,56.13,71.0,0.246,137.37,1.0
42.0,44.0,5.0,2.0,2.0,10.0,22.02,25.26,8.501,8.53,0.0,59.85,38.2,1.95,46.99,25.0,0.4406,41.84,1.0
42.0,91.0,10.0,1.0,0.0,16.0,12.96,19.02,9.554,8.78,0.0,62.29,16.22,21.49,81.6,87.0,0.0918,85.68,1.0
37.0,105.0,21.0975,0.0,0.0,14.0,31.28,42.61,9.374,10.68,0.0,46.84,32.09,21.07,92.9,77.0,0.14,125.07,0.0
54.0,64.0,10.0,0.0,0.0,9.0,18.86,27.0,10.365,6.19,0.0,74.91,22.37,2.72,84.61,64.0,0.3628,71.8,1.0
43.0,67.0,10.0,0.0,0.0,8.0,22.97,36.68,9.767,9.61,0.0,49.26,31.05,19.69,80.9,40.0,0.5203,68.08,0.0
53.0,43.0,10.0,0.0,0.0,15.0,28.23,37.5,9.604,6.79,0.0,52.76,34.64,12.6,74.08,24.0,0.2476,56.61,0.0
26.0,247.0,42.195,0.0,0.0,23.0,27.07,35.83,9.923,12.31,4.0,60.35,22.65,17.0,93.96,56.0,0.1772,235.28,1.0
44.0,19.0,5.0,0.0,0.0,14.0,12.63,19.89,10.827,5.19,0.0,62.99,13.59,23.42,60.28,74.0,0.1886,27.62,0.0
37.0,35.0,5.0,2.0,0.0,8.0,8.12,12.16,7.804,5.37,0.0,93.78,1.4,4.82,81.59,50.0,0.0161,37.55,1.0
35.0,187.0,21.0975,0.0,1.0,15.0,37.77,42.94,9.341,15.16,0.0,34.17,58.12,7.71,72.35,51.0,0.2565,176.06,1.0
33.0,43.0,10.0,0.0,0.0,13.0,15.4,21.1,10.967,8.55,0.0,45.41,32.24,22.34,91.27,74.0,0.18,65.32,0.0
33.0,412.0,42.195,2.0,1.0,15.0,61.06,68.64,6.5,13.42,4.0,51.89,33.5,14.6,80.86,58.0,0.1263,256.83,1.0
39.0,67.0,10.0,1.0,0.0,11.0,23.91,35.58,10.404,7.94,0.0,60.88,28.05,11.07,75.74,71.0,0.2957,66.88,1.0
25.0,77.0,10.0,0.0,0.0,12.0,24.64,35.66,11.256,10.23,0.0,88.35,3.18,8.48,84.81,25.0,0.0365,81.32,1.0
37.0,59.0,10.0,0.0,0.0,14.0,21.44,29.42,9.799,8.07,0.0,70.93,19.6,9.47,89.26,39.0,0.1282,70.34,0.0
54.0,30.0,5.0,0.0,1.0,11.0,16.17,20.15,10.81,8.35,0.0,31.82,47.12,21.06,68.8,65.0,0.1748,40.75,0.0
45.0,37.0,5.0,0.0,2.0,12.0,9.54,14.0,10.251,8.86,0.0,77.21,15.1,7.69,87.91,70.0,0.0439,41.28,0.0
23.0,43.0,10.0,1.0,0.0,10.0,25.06,28.76,9.032,11.97,0.0,76.22,14.98,8.8,91.47,26.0,0.4172,50.96,0.0
31.0,243.0,42.195,0.0,0.0,13.0,40.36,48.92,10.4,15.77,2.0,57.27,32.02,10.71,86.36,35.0,0.6,254.21,1.0
51.0,45.0,5.0,1.0,0.0,13.0,6.45,10.48,10.085,8.27,0.0,55.71,24.4,19.89,100.0,37.0,0.1668,47.65,1.0
53.0,77.0,10.0,0.0,0.0,11.0,18.24,25.63,10.658,7.83,0.0,96.25,0.0,3.75,55.37,36.0,0.2587,81.36,0.0
42.0,244.0,42.195,1.0,0.0,12.0,45.94,52.87,7.641,15.59,2.0,78.46,15.1,6.44,73.7,21.0,0.3166,221.92,1.0
39.0,70.0,10.0,0.0,2.0,12.0,27.57,37.42,10.781,9.22,0.0,62.63,31.45,5.92,77.35,30.0,0.2927,75.71,1.0
24.0,193.0,21.0975,1.0,1.0,16.0,33.76,41.55,8.423,10.58,0.0,37.77,45.62,16.61,95.48,70.0,0.1411,175.89,1.0
38.0,141.0,21.0975,1.0,0.0,16.0,33.97,39.25,6.998,13.0,0.0,83.27,14.2,2.53,85.49,80.0,0.0175,132.32,1.0
39.0,129.0,21.0975,0.0,2.0,13.0,33.16,41.7,8.849,10.95,0.0,72.3,18.36,9.33,75.08,24.0,0.2825,143.4,0.0
41.0,107.0,21.0975,2.0,0.0,12.0,42.44,47.7,6.5,12.18,0.0,52.03,27.49,20.49,100.0,35.0,0.101,121.61,0.0
23.0,197.0,21.0975,0.0,0.0,15.0,16.5,22.9,10.821,14.69,0.0,88.44,6.18,5.38,76.71,31.0,0.3429,189.01,1.0
30.0,168.0,21.0975,1.0,0.0,15.0,39.59,48.74,8.253,14.25,0.0,71.74,15.52,12.74,83.29,21.0,0.3329,151.45,1.0
36.0,123.0,21.0975,1.0,2.0,15.0,23.99,28.56,8.734,8.2,0.0,61.77,22.79,15.44,93.03,39.0,0.3011,154.09,0.0
34.0,96.0,21.0975,1.0,1.0,14.0,32.47,38.6,7.979,14.87,0.0,65.72,33.63,0.65,60.39,46.0,0.2886,131.17,0.0
24.0,368.0,42.195,0.0,0.0,20.0,46.6,66.36,6.703,16.07,4.0,46.53,36.78,16.68,91.45,87.0,0.1905,259.89,1.0
53.0,190.0,21.0975,1.0,0.0,11.0,22.91,25.92,9.802,14.58,0.0,43.58,32.43,23.99,100.0,62.0,0.0747,197.04,1.0
53.0,310.0,42.195,1.0,0.0,20.0,34.79,47.5,8.599,20.23,1.0,59.83,25.8,14.37,87.52,35.0,0.2123,250.51,1.0
29.0,189.0,21.0975,0.0,2.0,12.0,25.41,36.96,8.708,9.81,0.0,60.63,29.52,9.85,96.15,34.0,0.063,185.83,1.0
38.0,130.0,21.0975,1.0,0.0,16.0,38.03,44.54,8.009,10.73,0.0,53.13,32.3,14.57,80.14,77.0,0.4215,129.79,1.0
29.0,417.0,42.195,0.0,1.0,19.0,39.96,44.52,11.753,18.89,0.0,36.75,42.94,20.31,70.52,22.0,0.1887,319.49,1.0
37.0,411.0,42.195,1.0,2.0,14.0,23.35,28.51,9.603,17.12,4.0,85.74,10.06,4.2,64.85,78.0,0.1513,319.08,1.0
40.0,53.0,10.0,0.0,0.0,10.0,18.24,28.23,8.714,11.07,0.0,82.51,8.48,9.01,73.72,33.0,0.209,58.74,0.0
29.0,398.0,42.195,1.0,0.0,23.0,42.21,50.05,7.805,21.19,3.0,55.22,21.16,23.62,84.53,28.0,0.4016,275.67,1.0
42.0,136.0,21.0975,1.0,0.0,15.0,16.15,23.51,8.684,13.1,0.0,81.04,1.67,17.3,74.98,71.0,0.0509,139.02,1.0
40.0,193.0,21.0975,1.0,1.0,13.0,39.36,49.95,6.663,8.49,0.0,76.83,14.95,8.22,95.92,63.0,0.3213,182.5,1.0
39.0,127.0,21.0975,0.0,2.0,18.0,27.21,40.37,10.544,15.65,0.0,58.22,30.15,11.63,75.5,79.0,0.0237,147.14,0.0
49.0,68.0,10.0,0.0,1.0,11.0,18.54,24.96,11.687,7.47,0.0,44.29,54.1,1.61,83.13,35.0,0.2139,81.26,0.0
54.0,145.0,21.0975,0.0,0.0,17.0,20.29,29.53,10.182,11.32,0.0,70.37,15.71,13.92,71.73,36.0,0.373,153.26,0.0
23.0,157.0,21.0975,0.0,0.0,10.0,27.21,36.49,12.076,12.39,0.0,86.16,11.13,2.71,82.11,36.0,0.096,154.97,1.0
51.0,74.0,10.0,0.0,2.0,10.0,27.54,37.93,9.341,9.89,0.0,38.25,38.68,23.07,74.02,64.0,0.0934,83.94,1.0
45.0,185.0,21.0975,0.0,0.0,20.0,27.18,40.22,8.307,12.72,0.0,35.45,47.12,17.43,66.91,69.0,0.2354,169.48,1.0
44.0,182.0,42.195,0.0,1.0,24.0,31.31,39.91,10.544,15.24,0.0,16.05,62.07,21.88,85.64,27.0,0.2149,242.9,0.0
48.0,338.0,42.195,0.0,0.0,24.0,31.65,38.8,10.731,15.2,4.0,57.89,30.39,11.73,77.09,41.0,0.1822,288.02,1.0
27.0,73.0,10.0,0.0,0.0,9.0,13.09,20.55,10.259,9.29,0.0,80.23,0.0,19.77,73.89,30.0,0.3941,80.65,0.0
32.0,149.0,21.0975,1.0,0.0,12.0,35.17,43.23,7.106,8.89,0.0,52.59,25.18,22.23,84.73,26.0,0.323,152.95,1.0
33.0,181.0,21.0975,1.0,0.0,14.0,24.75,28.01,10.082,12.82,0.0,79.61,18.78,1.61,82.34,48.0,0.2225,173.69,1.0
29.0,146.0,21.0975,1.0,2.0,14.0,27.98,33.83,10.062,15.35,0.0,39.83,43.96,16.21,85.11,38.0,0.0373,153.81,1.0
26.0,238.0,42.195,0.0,0.0,23.0,30.76,35.64,10.332,16.48,2.0,64.13,15.48,20.39,100.0,27.0,0.2839,258.58,0.0
51.0,377.0,42.195,0.0,0.0,21.0,38.43,47.05,9.2,21.19,1.0,59.76,16.12,24.11,100.0,83.0,0.2373,304.89,1.0
46.0,183.0,21.0975,1.0,0.0,17.0,23.14,25.6,9.84,10.41,0.0,77.61,5.98,16.41,97.12,54.0,0.0846,181.8,1.0
43.0,37.0,5.0,1.0,0.0,7.0,20.55,23.78,9.003,6.13,0.0,76.54,5.42,18.03,84.39,84.0,0.5153,39.56,1.0
31.0,190.0,21.0975,1.0,1.0,11.0,16.84,25.51,8.735,12.79,0.0,49.58,45.77,4.65,68.69,24.0,0.0983,187.34,1.0
24.0,121.0,21.0975,0.0,0.0,11.0,34.94,38.12,10.056,13.38,0.0,72.59,26.41,1.0,91.37,71.0,0.3056,125.79,1.0
55.0,104.0,21.0975,2.0,0.0,16.0,17.24,25.85,7.851,12.43,0.0,61.63,28.67,9.7,90.25,62.0,0.2094,130.22,0.0
25.0,24.0,5.0,0.0,0.0,6.0,13.57,17.03,12.259,7.95,0.0,66.03,33.65,0.32,85.06,62.0,0.1054,30.86,0.0
37.0,117.0,21.0975,0.0,0.0,12.0,24.39,35.55,9.205,9.31,0.0,79.53,13.35,7.12,90.12,71.0,0.261,144.18,0.0
32.0,252.0,42.195,2.0,0.0,18.0,31.59,39.38,6.66,12.37,1.0,83.52,2.35,14.13,90.28,78.0,0.0718,221.23,1.0
33.0,44.0,5.0,2.0,0.0,7.0,19.29,24.2,7.797,8.1,0.0,74.85,17.05,8.1,87.15,66.0,0.1789,42.96,1.0
44.0,64.0,10.0,1.0,0.0,11.0,19.9,26.31,8.536,11.8,0.0,94.18,5.16,0.66,74.9,74.0,0.0725,74.84,0.0
49.0,203.0,21.0975,1.0,0.0,15.0,28.92,42.12,8.094,8.68,0.0,72.75,16.4,10.85,86.04,31.0,0.0533,174.92,1.0
49.0,20.0,5.0,0.0,0.0,8.0,17.36,20.49,10.3,5.46,0.0,84.78,11.28,3.94,49.01,57.0,0.2235,27.26,0.0
52.0,40.0,10.0,0.0,0.0,13.0,21.1,26.05,10.02,10.0,0.0,76.75,8.62,14.63,65.69,29.0,0.1444,57.34,0.0
32.0,28.0,5.0,0.0,0.0,10.0,20.59,28.31,9.796,8.77,0.0,50.96,35.12,13.92,90.45,41.0,0.096,32.68,0.0
44.0,98.0,21.0975,2.0,0.0,18.0,33.77,40.76,6.921,8.55,0.0,45.02,32.3,22.68,82.77,78.0,0.1515,118.14,0.0
49.0,73.0,10.0,1.0,1.0,10.0,14.0,16.32,9.05,11.16,0.0,46.03,50.12,3.85,88.47,45.0,0.0769,81.95,0.0
47.0,103.0,21.0975,0.0,0.0,14.0,27.61,37.89,9.502,9.5,0.0,78.03,0.0,21.97,78.6,22.0,0.3063,128.76,0.0
45.0,251.0,42.195,2.0,0.0,24.0,48.56,61.26,6.5,19.9,1.0,66.72,13.46,19.83,63.41,21.0,0.2225,210.73,1.0
45.0,284.0,42.195,2.0,2.0,15.0,39.88,46.57,6.5,20.38,2.0,53.69,27.57,18.74,77.6,42.0,0.3662,205.0,1.0
47.0,181.0,21.0975,0.0,2.0,18.0,26.21,32.42,9.122,8.01,0.0,68.87,18.72,12.41,86.5,66.0,0.1352,189.17,1.0
53.0,35.0,5.0,1.0,1.0,10.0,17.26,27.36,9.074,5.9,0.0,57.56,39.72,2.71,78.05,47.0,0.3023,45.97,0.0
50.0,189.0,21.0975,0.0,2.0,11.0,32.34,36.32,9.852,9.8,0.0,52.0,23.06,24.94,98.35,44.0,0.0206,190.66,1.0
40.0,202.0,21.0975,1.0,1.0,16.0,33.37,47.14,7.504,15.79,0.0,27.51,60.42,12.07,90.79,36.0,0.2721,186.29,1.0
32.0,112.0,21.0975,1.0,1.0,10.0,27.17,32.05,8.435,15.32,0.0,28.67,51.85,19.48,87.37,77.0,0.2126,142.58,0.0
32.0,93.0,10.0,0.0,0.0,8.0,17.69,20.06,10.746,6.02,0.0,95.03,0.0,4.97,100.0,46.0,0.0607,96.38,1.0
44.0,302.0,42.195,0.0,0.0,20.0,53.45,63.09,7.405,17.61,3.0,72.21,23.04,4.74,100.0,83.0,0.2678,244.42,1.0
39.0,68.0,10.0,0.0,1.0,13.0,13.47,16.19,11.495,8.1,0.0,28.84,49.68,21.48,90.61,87.0,0.1947,81.46,0.0
29.0,294.0,42.195,1.0,0.0,23.0,33.44,45.63,9.69,13.29,4.0,46.2,38.53,15.27,84.44,47.0,0.0996,264.3,1.0
22.0,47.0,10.0,0.0,0.0,14.0,20.4,23.0,10.289,9.69,0.0,62.1,22.89,15.01,99.62,76.0,0.2199,53.24,0.0
40.0,20.0,5.0,0.0,0.0,7.0,15.13,18.78,10.596,8.34,0.0,43.56,35.14,21.3,96.72,74.0,0.1862,27.11,0.0
46.0,377.0,42.195,2.0,0.0,19.0,54.65,59.79,6.615,21.07,3.0,62.23,33.59,4.18,98.41,36.0,0.2938,253.4,1.0
30.0,118.0,21.0975,2.0,0.0,12.0,17.74,26.01,7.331,12.09,0.0,72.67,18.73,8.6,83.64,53.0,0.2029,146.37,0.0
36.0,186.0,21.0975,0.0,0.0,13.0,43.86,48.2,8.513,13.45,0.0,54.76,32.95,12.28,98.2,64.0,0.2548,164.64,1.0
24.0,307.0,42.195,0.0,0.0,13.0,28.4,37.31,9.727,12.23,4.0,63.04,20.73,16.22,87.65,31.0,0.254,289.11,1.0
37.0,172.0,21.0975,2.0,1.0,20.0,19.46,24.13,8.179,8.49,0.0,46.97,42.34,10.7,73.17,31.0,0.5252,186.67,0.0
45.0,84.0,10.0,1.0,0.0,16.0,21.55,29.28,8.498,8.82,0.0,70.41,28.59,1.0,74.42,41.0,0.1702,79.37,1.0
24.0,54.0,10.0,0.0,0.0,15.0,19.69,28.89,10.557,10.83,0.0,73.83,24.13,2.04,65.87,78.0,0.3161,63.72,0.0
22.0,86.0,10.0,0.0,0.0,9.0,27.93,37.98,8.617,6.01,0.0,80.28,1.78,17.94,77.5,88.0,0.2788,87.06,1.0
50.0,171.0,21.0975,1.0,2.0,20.0,22.41,29.33,10.402,9.07,0.0,66.83,12.91,20.26,75.68,37.0,0.3265,172.58,1.0
40.0,69.0,10.0,0.0,0.0,11.0,22.16,27.53,10.043,8.58,0.0,28.77,48.15,23.07,72.7,36.0,0.3133,74.2,1.0
45.0,99.0,21.0975,0.0,0.0,13.0,23.9,34.93,10.521,8.58,0.0,80.16,4.63,15.21,77.82,36.0,0.029,120.78,0.0
51.0,19.0,5.0,2.0,2.0,11.0,8.62,12.12,8.968,5.58,0.0,69.46,21.92,8.62,66.66,30.0,0.207,27.29,0.0
43.0,23.0,5.0,0.0,0.0,14.0,8.5,11.75,10.042,6.91,0.0,98.2,0.0,1.8,89.53,30.0,0.0921,29.4,0.0
37.0,45.0,10.0,1.0,0.0,9.0,23.78,34.59,7.351,9.23,0.0,78.05,17.91,4.04,74.18,34.0,0.1864,57.91,0.0
54.0,105.0,21.0975,0.0,0.0,14.0,40.81,47.07,9.392,15.58,0.0,61.77,26.23,12.0,87.64,48.0,0.391,128.89,0.0
39.0,395.0,42.195,1.0,0.0,17.0,53.48,66.84,7.625,14.6,3.0,61.2,20.86,17.94,72.88,38.0,0.3701,276.85,1.0
36.0,372.0,42.195,1.0,0.0,17.0,28.94,32.99,8.975,14.81,2.0,74.97,20.51,4.53,85.75,49.0,0.247,288.75,1.0
44.0,57.0,10.0,1.0,0.0,10.0,24.09,27.42,9.025,9.24,0.0,95.71,1.77,2.52,79.05,64.0,0.1028,72.86,0.0
36.0,129.0,21.0975,1.0,0.0,13.0,19.32,22.86,8.437,13.82,0.0,60.4,31.56,8.04,93.61,84.0,0.1611,135.94,1.0
48.0,323.0,42.195,0.0,2.0,23.0,27.86,34.41,9.493,16.79,2.0,34.48,49.85,15.67,73.68,77.0,0.1668,281.87,1.0
22.0,32.0,5.0,0.0,0.0,9.0,8.43,10.62,11.495,6.18,0.0,63.75,24.4,11.85,89.06,24.0,0.2503,36.93,0.0
22.0,98.0,21.0975,0.0,0.0,12.0,28.14,36.09,10.933,15.7,0.0,49.25,31.02,19.73,75.88,71.0,0.3101,122.44,0.0
38.0,401.0,42.195,0.0,0.0,14.0,34.11,48.72,10.123,19.24,0.0,64.89,28.11,6.99,79.36,87.0,0.1192,279.83,1.0
25.0,121.0,21.0975,0.0,0.0,12.0,21.95,26.07,10.843,10.85,0.0,92.61,2.75,4.64,74.25,52.0,0.2437,148.7,0.0
41.0,196.0,21.0975,0.0,0.0,14.0,32.95,49.29,7.584,13.86,0.0,75.59,20.12,4.3,80.25,78.0,0.1746,176.86,1.0
51.0,255.0,42.195,0.0,1.0,12.0,30.34,42.29,10.26,13.87,2.0,36.2,63.04,0.76,66.02,58.0,0.0949,257.45,1.0
32.0,281.0,42.195,1.0,1.0,18.0,42.41,48.1,8.029,20.62,4.0,54.2,35.69,10.12,56.8,84.0,0.4619,240.06,1.0
31.0,34.0,5.0,1.0,0.0,14.0,7.02,11.31,10.907,6.95,0.0,81.29,3.97,14.73,85.82,78.0,0.0818,36.97,0.0
28.0,262.0,42.195,1.0,0.0,23.0,34.39,38.86,8.24,12.03,3.0,47.04,33.27,19.7,100.0,74.0,0.1866,252.91,1.0
35.0,235.0,42.195,0.0,2.0,23.0,24.63,30.84,10.094,20.4,3.0,79.86,7.36,12.78,89.69,25.0,0.256,238.78,1.0
46.0,305.0,42.195,0.0,0.0,21.0,27.26,30.18,10.264,18.92,3.0,46.43,41.41,12.15,95.41,71.0,0.0992,295.08,1.0
30.0,40.0,10.0,0.0,0.0,10.0,14.77,18.81,11.634,7.02,0.0,91.58,7.76,0.66,79.13,72.0,0.0908,55.02,0.0
27.0,34.0,5.0,1.0,0.0,8.0,12.43,17.19,8.849,4.9,0.0,49.24,31.3,19.46,74.09,76.0,0.1143,36.71,1.0
47.0,75.0,10.0,1.0,0.0,8.0,17.5,20.91,8.131,9.21,0.0,87.73,4.65,7.62,75.5,21.0,0.1093,78.31,0.0
54.0,254.0,42.195,1.0,0.0,21.0,45.98,51.83,7.366,14.36,2.0,91.93,7.05,1.02,76.35,31.0,0.1085,221.32,1.0
51.0,325.0,42.195,1.0,0.0,20.0,30.15,42.04,8.06,17.84,1.0,53.14,36.49,10.37,76.63,24.0,0.3965,247.09,1.0
53.0,127.0,21.0975,0.0,0.0,11.0,26.05,36.09,10.691,14.63,0.0,62.11,21.99,15.9,76.33,71.0,0.3841,141.22,0.0
30.0,359.0,42.195,0.0,0.0,13.0,38.66,48.11,9.485,20.56,0.0,82.7,1.85,15.45,66.8,75.0,0.2133,302.39,1.0
51.0,42.0,5.0,0.0,0.0,11.0,13.0,15.97,11.504,5.23,0.0,70.63,10.03,19.33,98.3,50.0,0.3268,44.07,1.0
46.0,153.0,21.0975,0.0,0.0,15.0,32.03,45.97,9.403,10.93,0.0,75.23,12.43,12.34,70.45,24.0,0.2201,148.17,0.0
38.0,77.0,10.0,1.0,1.0,12.0,12.72,15.56,10.186,11.94,0.0,48.31,31.35,20.34,84.55,61.0,0.2081,85.95,0.0
44.0,382.0,42.195,1.0,0.0,14.0,33.93,48.55,7.503,18.78,3.0,46.64,36.56,16.8,84.59,77.0,0.1624,307.48,1.0
35.0,230.0,42.195,0.0,0.0,23.0,37.35,44.69,10.424,21.23,1.0,45.98,36.52,17.5,64.14,87.0,0.076,216.83,1.0
51.0,71.0,10.0,1.0,0.0,9.0,18.22,26.78,9.689,11.63,0.0,66.35,18.08,15.57,91.42,66.0,0.0808,71.67,1.0
54.0,41.0,10.0,1.0,0.0,16.0,12.17,19.62,9.448,8.84,0.0,66.56,8.57,24.87,90.29,34.0,0.2787,47.31,0.0
29.0,45.0,5.0,0.0,0.0,11.0,20.6,28.33,10.028,4.42,0.0,67.9,23.59,8.51,89.73,62.0,0.1117,39.72,1.0
48.0,390.0,42.195,0.0,1.0,16.0,53.59,69.87,7.929,14.86,3.0,32.57,49.21,18.21,71.22,72.0,0.1431,300.92,1.0
30.0,416.0,42.195,0.0,0.0,17.0,25.36,33.62,10.745,12.86,2.0,68.62,16.08,15.3,77.68,51.0,0.1306,342.33,1.0
47.0,126.0,21.0975,0.0,0.0,17.0,22.7,27.78,10.832,11.28,0.0,81.33,10.09,8.58,48.25,83.0,0.6,152.33,0.0
52.0,69.0,10.0,0.0,0.0,8.0,25.2,29.19,10.869,6.66,0.0,76.64,11.3,12.06,69.47,34.0,0.0817,75.68,0.0
50.0,67.0,10.0,0.0,0.0,8.0,16.32,19.93,10.35,9.86,0.0,72.59,16.25,11.16,82.85,77.0,0.0968,82.86,0.0
24.0,408.0,42.195,0.0,1.0,23.0,28.72,33.75,10.202,16.91,4.0,46.94,45.17,7.9,91.59,22.0,0.0525,320.61,1.0
38.0,189.0,21.0975,0.0,0.0,15.0,29.69,37.37,10.225,13.45,0.0,66.18,23.12,10.7,80.87,36.0,0.2079,183.51,1.0
30.0,86.0,10.0,0.0,1.0,9.0,28.23,35.91,9.342,7.8,0.0,21.48,57.85,20.66,85.45,69.0,0.257,91.47,1.0
22.0,26.0,5.0,1.0,0.0,12.0,11.29,14.03,9.427,8.03,0.0,73.75,2.51,23.74,91.76,69.0,0.1538,31.37,0.0
43.0,61.0,10.0,0.0,0.0,10.0,17.19,24.97,11.467,10.18,0.0,67.04,27.41,5.55,75.44,62.0,0.1828,71.64,0.0
50.0,107.0,21.0975,0.0,2.0,13.0,22.02,28.42,10.781,10.15,0.0,75.52,18.96,5.52,81.14,65.0,0.1847,127.28,0.0
52.0,24.0,5.0,0.0,0.0,12.0,13.68,19.31,10.285,8.71,0.0,40.77,36.22,23.01,76.89,44.0,0.1822,28.19,0.0
34.0,128.0,21.0975,1.0,1.0,12.0,27.25,38.93,7.865,10.91,0.0,46.13,49.17,4.7,65.46,48.0,0.1325,141.63,0.0
23.0,54.0,10.0,0.0,2.0,14.0,13.89,20.24,11.575,11.15,0.0,70.6,25.43,3.97,84.25,38.0,0.1211,70.09,0.0
41.0,35.0,5.0,0.0,2.0,14.0,13.32,18.24,10.021,5.04,0.0,52.11,25.12,22.77,62.85,67.0,0.3279,39.35,1.0
32.0,244.0,42.195,0.0,0.0,21.0,27.0,37.39,10.59,16.71,4.0,68.76,14.67,16.57,85.26,46.0,0.0986,270.85,0.0
42.0,32.0,5.0,1.0,0.0,6.0,14.82,20.13,8.32,7.0,0.0,64.44,14.56,21.0,82.85,54.0,0.1412,34.36,0.0
43.0,39.0,5.0,1.0,0.0,10.0,18.23,27.91,9.312,8.42,0.0,82.57,9.52,7.91,84.25,75.0,0.2938,41.33,1.0
40.0,85.0,10.0,1.0,0.0,16.0,10.86,16.28,10.602,6.97,0.0,65.01,11.95,23.05,80.07,90.0,0.3544,83.91,1.0
43.0,61.0,10.0,0.0,0.0,12.0,21.07,31.5,9.838,9.49,0.0,87.02,2.64,10.34,83.51,50.0,0.1495,64.39,1.0
22.0,159.0,21.0975,1.0,1.0,20.0,27.18,36.9,8.496,8.18,0.0,27.03,61.71,11.26,87.03,79.0,0.1673,160.68,1.0
31.0,189.0,21.0975,0.0,0.0,18.0,28.61,38.68,8.889,11.45,0.0,65.56,23.45,10.99,62.18,60.0,0.2106,166.67,1.0
39.0,19.0,5.0,0.0,1.0,12.0,14.65,21.26,11.156,8.65,0.0,49.36,28.24,22.4,50.51,62.0,0.2915,33.96,0.0
52.0,130.0,21.0975,0.0,2.0,15.0,33.38,48.19,9.264,11.32,0.0,71.36,9.99,18.66,92.85,67.0,0.0562,151.64,1.0
22.0,153.0,21.0975,1.0,0.0,16.0,27.11,40.22,9.814,14.93,0.0,74.31,3.32,22.37,56.57,73.0,0.1274,150.18,1.0
42.0,210.0,21.0975,0.0,0.0,12.0,23.79,33.78,9.226,8.16,0.0,54.84,43.33,1.83,73.19,24.0,0.0463,194.05,1.0
24.0,21.0,5.0,1.0,0.0,9.0,14.19,19.61,9.767,4.69,0.0,94.1,0.0,5.9,77.44,22.0,0.2685,30.24,0.0
53.0,45.0,5.0,0.0,0.0,8.0,15.04,19.22,9.569,6.55,0.0,76.09,11.93,11.98,85.16,35.0,0.1873,44.42,1.0
55.0,170.0,21.0975,0.0,2.0,19.0,16.02,21.49,11.81,14.96,0.0,30.9,45.19,23.91,82.03,63.0,0.3798,171.98,1.0
50.0,94.0,10.0,0.0,0.0,16.0,14.77,17.58,12.741,9.33,0.0,74.33,14.46,11.21,100.0,42.0,0.2994,93.81,1.0
24.0,166.0,21.0975,0.0,0.0,13.0,36.8,49.96,9.459,9.47,0.0,75.34,18.39,6.27,91.03,41.0,0.0661,170.21,1.0
43.0,264.0,42.195,0.0,0.0,12.0,48.52,53.3,8.787,16.38,0.0,77.61,16.22,6.17,77.27,45.0,0.0452,247.66,1.0
42.0,195.0,21.0975,0.0,0.0,17.0,35.38,42.46,9.102,9.63,0.0,50.77,32.79,16.44,86.41,76.0,0.328,179.0,1.0
52.0,296.0,42.195,2.0,0.0,23.0,54.05,60.93,7.208,15.16,2.0,52.0,33.07,14.93,85.9,31.0,0.0589,240.9,1.0
54.0,48.0,10.0,1.0,0.0,9.0,22.43,25.48,8.433,9.37,0.0,83.83,4.57,11.59,90.89,64.0,0.3353,53.44,0.0
35.0,140.0,21.0975,0.0,0.0,18.0,23.38,26.8,10.938,10.14,0.0,73.01,8.81,18.18,100.0,76.0,0.215,164.45,1.0
53.0,203.0,21.0975,2.0,1.0,17.0,28.63,38.03,8.316,11.54,0.0,36.17,45.54,18.29,90.56,56.0,0.0837,196.31,1.0
50.0,52.0,10.0,0.0,0.0,15.0,15.7,25.25,9.632,9.45,0.0,72.29,14.45,13.26,86.65,74.0,0.1435,66.37,0.0
32.0,375.0,42.195,0.0,0.0,20.0,37.96,54.57,8.989,21.44,0.0,81.53,15.27,3.21,75.22,27.0,0.121,278.6,1.0
37.0,74.0,10.0,0.0,0.0,14.0,14.53,20.45,10.61,11.16,0.0,59.48,39.93,0.59,81.21,38.0,0.0862,77.91,1.0
37.0,106.0,21.0975,0.0,0.0,13.0,34.89,49.43,9.513,9.54,0.0,66.71,22.2,11.09,62.57,53.0,0.1877,134.45,0.0
44.0,192.0,21.0975,1.0,1.0,13.0,23.66,28.94,9.675,10.96,0.0,22.33,62.71,14.96,97.45,21.0,0.0811,196.05,1.0
33.0,27.0,5.0,1.0,2.0,13.0,13.12,16.66,9.306,4.75,0.0,46.29,51.18,2.53,85.78,86.0,0.3609,34.17,0.0
53.0,384.0,42.195,0.0,2.0,16.0,50.37,56.42,9.906,19.52,2.0,67.14,14.94,17.92,100.0,70.0,0.0658,298.23,1.0
41.0,96.0,21.0975,1.0,2.0,10.0,29.17,37.23,9.231,12.25,0.0,72.6,4.64,22.76,87.68,51.0,0.2713,116.05,0.0
40.0,196.0,21.0975,0.0,1.0,12.0,25.87,38.17,10.525,11.54,0.0,71.12,28.62,0.26,75.47,43.0,0.3213,186.49,1.0
51.0,108.0,21.0975,0.0,1.0,15.0,28.1,36.88,11.19,14.38,0.0,31.89,52.54,15.57,97.65,75.0,0.1301,145.51,0.0
41.0,37.0,5.0,1.0,0.0,14.0,17.88,24.93,6.937,4.08,0.0,79.45,3.15,17.4,81.48,58.0,0.2787,39.35,1.0
43.0,43.0,5.0,1.0,1.0,9.0,19.27,27.35,8.049,4.87,0.0,48.43,51.19,0.38,88.73,66.0,0.148,45.81,1.0
28.0,34.0,5.0,2.0,0.0,14.0,16.6,26.47,7.203,4.32,0.0,49.4,28.01,22.6,63.23,74.0,0.2593,34.47,1.0
39.0,379.0,42.195,0.0,0.0,21.0,21.4,30.7,11.175,20.89,3.0,54.2,29.54,16.26,93.22,50.0,0.246,313.18,1.0
52.0,102.0,21.0975,0.0,1.0,20.0,33.91,39.21,9.888,15.18,0.0,54.32,21.83,23.85,99.41,69.0,0.2804,135.95,0.0
47.0,66.0,10.0,0.0,0.0,10.0,28.3,32.13,10.851,8.82,0.0,51.85,32.74,15.41,100.0,80.0,0.5305,74.12,0.0
47.0,196.0,21.0975,2.0,2.0,10.0,30.05,33.95,7.518,9.95,0.0,45.18,34.52,20.29,91.33,73.0,0.263,181.42,1.0
39.0,76.0,10.0,0.0,0.0,14.0,21.33,27.98,10.447,10.36,0.0,76.72,21.72,1.56,82.34,78.0,0.2443,82.3,0.0
39.0,67.0,10.0,1.0,1.0,14.0,13.73,19.0,8.99,6.95,0.0,49.33,30.87,19.8,99.25,69.0,0.2417,72.87,0.0
24.0,49.0,10.0,0.0,0.0,13.0,22.27,25.63,10.827,11.65,0.0,80.37,0.0,19.63,100.0,81.0,0.1755,61.15,0.0
51.0,161.0,21.0975,1.0,1.0,10.0,30.0,40.19,9.192,14.61,0.0,43.62,40.46,15.93,77.97,71.0,0.0237,171.41,1.0
28.0,56.0,10.0,1.0,2.0,11.0,11.06,15.97,11.652,6.95,0.0,36.62,39.22,24.16,71.53,43.0,0.0846,70.88,0.0
39.0,37.0,5.0,1.0,0.0,7.0,21.49,27.63,8.267,7.12,0.0,79.49,17.89,2.62,85.81,41.0,0.1328,35.89,1.0
45.0,96.0,21.0975,0.0,0.0,15.0,38.9,44.58,9.057,15.02,0.0,78.43,15.38,6.19,86.7,63.0,0.1929,108.34,0.0
30.0,28.0,5.0,0.0,0.0,13.0,8.77,11.14,11.003,5.84,0.0,66.07,22.48,11.45,77.04,67.0,0.186,31.2,0.0
55.0,66.0,10.0,1.0,0.0,8.0,17.14,21.59,9.049,10.8,0.0,76.54,10.08,13.39,58.26,33.0,0.1643,72.41,0.0
54.0,74.0,10.0,0.0,0.0,14.0,20.99,23.69,11.569,8.9,0.0,58.4,18.9,22.7,91.36,28.0,0.1209,76.37,1.0
40.0,22.0,5.0,0.0,0.0,14.0,21.55,25.66,11.053,7.8,0.0,56.83,27.52,15.65,66.65,72.0,0.0853,28.11,0.0
23.0,205.0,42.195,0.0,0.0,23.0,48.33,66.8,8.42,15.69,0.0,68.42,6.72,24.85,82.31,53.0,0.0954,198.45,1.0
48.0,68.0,10.0,0.0,0.0,10.0,19.67,26.55,10.738,9.27,0.0,55.84,43.47,0.69,88.89,87.0,0.238,73.91,0.0
26.0,254.0,42.195,0.0,0.0,18.0,30.68,33.73,10.898,12.5,2.0,81.96,4.95,13.09,81.76,21.0,0.0648,275.06,0.0
45.0,187.0,21.0975,0.0,0.0,10.0,15.18,21.99,10.082,12.93,0.0,61.86,28.77,9.36,74.61,24.0,0.2072,191.93,1.0
40.0,180.0,42.195,0.0,0.0,13.0,24.48,31.56,10.432,14.61,1.0,71.57,18.76,9.67,81.39,88.0,0.3754,220.96,0.0
39.0,24.0,5.0,1.0,0.0,6.0,18.33,22.82,9.037,5.32,0.0,76.08,0.0,23.92,84.92,82.0,0.0782,27.29,0.0
28.0,80.0,10.0,1.0,1.0,16.0,22.75,31.58,9.325,7.7,0.0,64.89,34.03,1.08,82.56,50.0,0.0668,85.83,1.0
46.0,64.0,10.0,1.0,2.0,11.0,17.77,24.02,8.433,8.55,0.0,53.53,37.49,8.98,99.28,91.0,0.16,74.94,0.0
36.0,185.0,21.0975,1.0,0.0,16.0,20.32,25.85,9.003,8.35,0.0,63.06,25.44,11.5,100.0,50.0,0.1397,171.01,1.0
53.0,187.0,42.195,0.0,1.0,16.0,39.43,53.14,7.074,13.55,1.0,45.69,49.42,4.89,70.44,49.0,0.0525,248.77,0.0
37.0,64.0,10.0,0.0,1.0,16.0,14.51,20.19,11.698,6.45,0.0,22.95,62.9,14.15,84.63,50.0,0.0726,82.26,0.0
30.0,271.0,42.195,0.0,0.0,16.0,60.36,66.33,7.042,18.51,1.0,75.1,18.76,6.13,78.72,52.0,0.1723,191.86,0.0
26.0,41.0,10.0,1.0,0.0,9.0,13.02,15.81,9.718,7.26,0.0,49.98,30.78,19.24,80.3,67.0,0.3073,52.08,0.0
39.0,353.0,42.195,2.0,2.0,20.0,54.13,61.43,6.5,18.44,0.0,94.89,0.0,5.11,74.3,45.0,0.0394,246.76,1.0
46.0,21.0,5.0,1.0,0.0,12.0,17.78,24.13,8.155,7.0,0.0,64.23,33.02,2.75,59.83,37.0,0.0878,27.31,0.0
51.0,59.0,10.0,0.0,0.0,13.0,30.64,35.08,10.137,11.28,0.0,67.34,16.71,15.95,92.26,50.0,0.1609,64.85,0.0
46.0,45.0,10.0,1.0,0.0,13.0,25.21,34.99,7.671,8.6,0.0,59.07,16.6,24.33,93.93,35.0,0.2205,59.25,0.0
34.0,171.0,21.0975,0.0,2.0,15.0,21.8,23.85,10.263,9.61,0.0,82.85,9.18,7.97,80.8,47.0,0.1697,171.43,0.0
42.0,112.0,21.0975,1.0,2.0,12.0,21.77,26.26,8.507,9.69,0.0,42.83,33.5,23.67,75.14,22.0,0.2871,129.09,0.0
36.0,39.0,5.0,0.0,0.0,8.0,12.34,19.33,8.929,6.06,0.0,75.06,2.02,22.92,100.0,66.0,0.1032,41.56,1.0
35.0,39.0,10.0,1.0,0.0,9.0,25.59,30.73,8.094,7.77,0.0,62.77,20.55,16.68,68.26,41.0,0.028,57.47,0.0
23.0,313.0,42.195,0.0,1.0,20.0,50.24,64.38,7.513,18.07,4.0,32.88,64.25,2.88,82.94,39.0,0.4063,249.91,1.0
36.0,38.0,10.0,0.0,2.0,13.0,16.93,21.0,11.824,11.09,0.0,57.2,31.75,11.05,60.6,32.0,0.0361,56.84,0.0
52.0,44.0,5.0,1.0,0.0,12.0,8.43,12.97,8.99,7.76,0.0,78.76,2.95,18.29,75.04,74.0,0.1267,46.14,1.0
29.0,18.0,5.0,0.0,0.0,10.0,23.8,29.85,10.071,4.25,0.0,58.21,27.11,14.68,83.52,52.0,0.2032,25.36,1.0
23.0,159.0,21.0975,0.0,2.0,13.0,30.75,45.2,9.962,9.28,0.0,91.15,5.23,3.61,81.88,68.0,0.2258,168.71,1.0
29.0,182.0,21.0975,1.0,0.0,19.0,32.18,39.36,9.864,11.46,0.0,56.89,18.89,24.22,78.22,65.0,0.0272,170.57,1.0
50.0,195.0,21.0975,0.0,0.0,14.0,40.57,44.1,10.346,10.79,0.0,87.43,10.23,2.33,84.37,60.0,0.3553,187.17,1.0
22.0,31.0,5.0,0.0,0.0,12.0,10.71,12.23,11.434,4.63,0.0,56.37,36.95,6.67,78.14,50.0,0.2632,34.89,0.0
34.0,176.0,21.0975,0.0,2.0,17.0,31.88,43.77,9.063,8.98,0.0,58.59,31.76,9.65,83.96,71.0,0.0357,169.67,1.0
49.0,162.0,21.0975,1.0,0.0,20.0,27.01,35.63,9.011,12.8,0.0,66.41,25.28,8.31,81.48,89.0,0.1945,176.72,0.0
22.0,59.0,10.0,1.0,0.0,13.0,13.47,18.16,9.723,11.35,0.0,82.9,0.59,16.51,80.35,56.0,0.069,70.51,0.0
42.0,23.0,5.0,1.0,0.0,14.0,10.85,15.59,9.198,4.62,0.0,53.5,30.92,15.58,64.6,72.0,0.4624,26.69,0.0
43.0,87.0,10.0,1.0,0.0,11.0,27.39,32.02,8.433,9.75,0.0,74.11,16.42,9.48,74.11,26.0,0.2876,79.19,1.0
26.0,230.0,42.195,0.0,2.0,22.0,23.73,28.62,9.551,19.93,1.0,84.71,13.77,1.52,81.09,44.0,0.3869,245.14,0.0
22.0,367.0,42.195,0.0,0.0,16.0,51.06,65.18,7.941,14.43,3.0,61.22,16.04,22.75,75.71,67.0,0.1126,269.71,1.0
32.0,192.0,42.195,0.0,0.0,18.0,39.22,51.01,8.448,19.23,1.0,68.48,29.99,1.52,82.98,48.0,0.2091,222.63,0.0
26.0,168.0,21.0975,1.0,0.0,11.0,18.95,24.74,9.067,13.31,0.0,57.46,20.41,22.12,78.14,75.0,0.2333,158.03,1.0
39.0,39.0,5.0,0.0,0.0,11.0,23.04,29.38,7.684,8.68,0.0,69.04,17.0,13.96,79.41,55.0,0.193,39.69,1.0
53.0,22.0,5.0,1.0,2.0,14.0,21.09,24.04,7.669,7.61,0.0,87.97,10.04,1.99,100.0,26.0,0.2089,28.93,0.0
36.0,48.0,10.0,0.0,0.0,10.0,17.47,20.0,9.84,6.51,0.0,74.9,12.16,12.94,76.41,44.0,0.1837,66.46,0.0
54.0,39.0,10.0,1.0,0.0,16.0,21.94,30.0,7.482,10.81,0.0,65.41,23.95,10.64,85.0,77.0,0.1254,54.05,0.0
42.0,42.0,5.0,2.0,0.0,11.0,16.33,20.54,9.241,5.59,0.0,35.99,43.79,20.21,74.87,54.0,0.0514,43.28,1.0
45.0,163.0,21.0975,1.0,0.0,15.0,21.13,30.02,8.816,10.08,0.0,46.9,28.73,24.37,100.0,50.0,0.3102,159.8,1.0
46.0,203.0,21.0975,1.0,0.0,15.0,27.11,31.48,8.689,13.79,0.0,59.41,25.7,14.88,100.0,71.0,0.4269,177.44,1.0
31.0,27.0,5.0,1.0,0.0,12.0,15.99,21.3,9.533,4.87,0.0,60.52,20.14,19.34,63.21,70.0,0.1329,31.04,0.0
30.0,317.0,42.195,1.0,0.0,15.0,45.14,54.43,7.764,12.55,0.0,87.27,6.29,6.44,74.6,21.0,0.0852,276.51,1.0
25.0,199.0,21.0975,1.0,2.0,18.0,29.89,44.35,8.458,8.01,0.0,58.9,16.69,24.41,80.76,49.0,0.1007,180.3,1.0
46.0,91.0,10.0,0.0,0.0,12.0,19.88,28.79,10.258,9.67,0.0,94.75,0.0,5.25,100.0,84.0,0.3389,89.02,1.0
35.0,42.0,10.0,2.0,2.0,9.0,17.16,22.49,7.898,7.75,0.0,50.3,40.47,9.23,76.16,23.0,0.206,55.74,0.0
26.0,28.0,5.0,1.0,1.0,9.0,20.83,28.95,8.992,7.54,0.0,46.75,33.33,19.92,69.6,68.0,0.3125,35.35,0.0
27.0,81.0,10.0,0.0,0.0,11.0,24.09,28.2,9.165,10.61,0.0,65.41,22.62,11.97,98.85,26.0,0.1578,80.72,1.0
29.0,113.0,21.0975,0.0,2.0,13.0,31.4,37.53,11.562,12.25,0.0,51.59,31.16,17.25,57.72,78.0,0.1146,141.75,0.0
49.0,290.0,42.195,0.0,0.0,17.0,26.3,33.48,9.728,15.09,3.0,70.41,23.77,5.82,100.0,78.0,0.2143,313.82,0.0
27.0,130.0,21.0975,1.0,1.0,16.0,40.5,49.98,8.094,14.47,0.0,27.34,67.83,4.83,76.64,73.0,0.057,135.08,1.0
38.0,32.0,5.0,1.0,0.0,7.0,16.1,22.99,8.594,4.03,0.0,76.94,0.0,23.06,73.37,52.0,0.1768,34.98,0.0
30.0,135.0,21.0975,0.0,0.0,15.0,30.15,34.78,10.008,15.65,0.0,41.45,41.24,17.31,91.21,30.0,0.1271,147.75,0.0
41.0,303.0,42.195,1.0,0.0,19.0,26.32,30.87,10.229,19.16,4.0,72.2,22.46,5.35,100.0,32.0,0.1584,279.87,1.0
39.0,82.0,10.0,0.0,0.0,9.0,23.82,32.98,10.19,9.76,0.0,57.35,35.4,7.25,100.0,55.0,0.4259,83.86,1.0
39.0,303.0,42.195,1.0,0.0,19.0,42.47,46.83,7.317,19.12,0.0,73.89,5.45,20.67,92.42,35.0,0.0827,226.29,1.0
22.0,43.0,5.0,1.0,1.0,8.0,13.99,17.85,8.487,7.06,0.0,37.64,58.41,3.96,80.35,73.0,0.1944,49.57,0.0
26.0,41.0,5.0,1.0,2.0,11.0,9.9,11.58,9.892,7.22,0.0,56.52,21.5,21.98,88.2,45.0,0.117,43.37,0.0
40.0,132.0,21.0975,0.0,2.0,13.0,38.28,49.12,9.559,10.62,0.0,72.33,4.42,23.26,100.0,24.0,0.2193,152.07,0.0
31.0,76.0,10.0,2.0,0.0,16.0,15.74,18.04,8.283,9.28,0.0,84.92,13.72,1.36,89.96,72.0,0.0584,76.17,1.0
40.0,198.0,21.0975,1.0,0.0,14.0,23.49,28.28,10.05,11.83,0.0,58.66,36.74,4.61,90.52,75.0,0.1064,178.82,1.0
32.0,33.0,5.0,0.0,2.0,9.0,11.9,17.01,10.507,5.89,0.0,70.19,26.83,2.98,91.18,50.0,0.2578,36.85,0.0
40.0,289.0,42.195,0.0,2.0,17.0,49.11,60.31,9.425,14.55,0.0,85.49,14.16,0.34,66.85,43.0,0.1901,238.56,1.0
34.0,41.0,5.0,2.0,0.0,7.0,7.94,12.11,7.958,5.41,0.0,84.41,10.92,4.67,66.25,59.0,0.3721,41.39,1.0
27.0,31.0,5.0,0.0,2.0,9.0,22.89,27.6,8.823,7.57,0.0,74.12,9.82,16.06,89.39,31.0,0.3668,36.77,0.0
50.0,108.0,21.0975,0.0,0.0,18.0,42.83,47.19,9.536,8.03,0.0,64.73,15.74,19.53,100.0,45.0,0.3819,122.61,0.0
28.0,307.0,42.195,2.0,0.0,18.0,45.42,60.29,6.5,19.9,1.0,97.38,2.08,0.54,60.22,39.0,0.1386,227.94,1.0
41.0,38.0,5.0,0.0,0.0,11.0,24.53,29.29,11.435,7.11,0.0,52.76,33.61,13.63,76.57,68.0,0.1772,39.9,0.0
45.0,92.0,10.0,0.0,0.0,9.0,27.55,32.95,9.91,8.3,0.0,71.6,18.62,9.78,88.39,33.0,0.2608,90.68,1.0
29.0,336.0,42.195,1.0,0.0,18.0,21.45,30.29,9.312,12.07,2.0,64.54,28.0,7.46,98.19,66.0,0.3796,292.98,1.0
45.0,43.0,10.0,2.0,0.0,10.0,25.84,29.58,6.56,11.86,0.0,55.89,35.12,8.98,80.91,67.0,0.0834,53.64,0.0
35.0,70.0,10.0,0.0,2.0,14.0,18.17,25.11,9.434,11.43,0.0,59.62,24.98,15.4,84.89,68.0,0.0661,76.01,0.0
32.0,346.0,42.195,0.0,0.0,22.0,57.26,65.66,6.5,19.42,0.0,63.65,16.13,20.22,73.37,68.0,0.2914,258.94,1.0
33.0,193.0,42.195,2.0,0.0,16.0,42.24,49.37,8.126,20.87,4.0,68.56,31.38,0.06,53.96,76.0,0.2961,173.28,1.0
54.0,27.0,5.0,0.0,1.0,9.0,17.48,26.4,10.597,6.64,0.0,46.47,33.69,19.83,84.33,23.0,0.2668,35.99,0.0
49.0,82.0,10.0,1.0,0.0,12.0,16.76,19.0,9.069,8.41,0.0,76.01,17.36,6.63,66.01,35.0,0.0822,77.59,1.0
52.0,40.0,10.0,0.0,0.0,8.0,13.9,20.17,10.749,9.5,0.0,47.89,37.67,14.44,85.61,43.0,0.2047,58.07,0.0
33.0,76.0,10.0,1.0,0.0,10.0,13.47,21.29,8.255,9.24,0.0,61.67,27.39,10.94,64.02,61.0,0.1023,77.61,1.0
51.0,193.0,21.0975,0.0,0.0,14.0,34.11,44.7,9.042,13.91,0.0,74.07,13.24,12.69,90.04,52.0,0.2865,180.98,1.0
37.0,87.0,10.0,2.0,1.0,16.0,23.47,35.91,7.112,6.17,0.0,48.91,42.31,8.79,87.44,74.0,0.1583,93.35,1.0
30.0,40.0,5.0,2.0,0.0,6.0,12.17,18.55,8.956,8.37,0.0,65.49,27.15,7.37,81.46,35.0,0.0882,41.09,1.0
22.0,32.0,5.0,0.0,0.0,7.0,12.56,14.86,11.609,5.9,0.0,57.32,22.57,20.1,63.46,70.0,0.3662,35.68,0.0
38.0,165.0,21.0975,1.0,0.0,12.0,30.45,36.62,8.287,15.78,0.0,71.47,20.59,7.94,81.48,53.0,0.4425,164.52,1.0
34.0,105.0,21.0975,1.0,0.0,12.0,35.44,41.56,8.896,10.62,0.0,67.49,30.76,1.75,75.41,68.0,0.1249,119.24,0.0
25.0,99.0,21.0975,1.0,0.0,12.0,23.96,27.27,8.719,13.93,0.0,81.12,6.38,12.5,100.0,64.0,0.076,119.72,0.0
50.0,104.0,21.0975,0.0,0.0,10.0,44.53,49.12,8.662,10.19,0.0,82.29,0.0,17.71,91.82,67.0,0.1353,121.74,0.0
34.0,83.0,10.0,1.0,0.0,13.0,26.13,37.04,6.991,8.15,0.0,48.38,27.75,23.87,68.11,65.0,0.3508,81.64,1.0
53.0,397.0,42.195,2.0,0.0,22.0,38.76,45.98,7.676,15.94,4.0,57.21,21.65,21.14,70.27,41.0,0.1109,262.65,1.0
28.0,46.0,10.0,0.0,0.0,9.0,19.56,29.33,8.605,8.18,0.0,89.57,4.15,6.27,85.74,69.0,0.1378,58.37,0.0
49.0,77.0,10.0,0.0,0.0,10.0,12.65,18.26,11.253,10.15,0.0,55.28,24.37,20.35,80.9,61.0,0.5039,81.35,1.0
50.0,303.0,42.195,2.0,0.0,24.0,40.44,44.73,8.476,21.27,1.0,51.58,24.79,23.62,67.64,90.0,0.0973,238.31,1.0
33.0,110.0,21.0975,0.0,2.0,20.0,34.37,46.93,10.042,8.21,0.0,65.56,20.8,13.64,90.58,49.0,0.0509,133.58,0.0
50.0,171.0,21.0975,0.0,2.0,12.0,23.44,32.4,8.5,11.9,0.0,48.79,36.42,14.79,66.26,48.0,0.3543,170.13,1.0
29.0,41.0,5.0,0.0,1.0,13.0,18.85,28.62,9.091,7.58,0.0,26.57,56.12,17.3,84.07,48.0,0.2165,46.13,0.0
47.0,113.0,21.0975,1.0,1.0,12.0,33.76,48.18,7.694,9.02,0.0,54.3,35.09,10.61,88.22,50.0,0.1176,145.73,0.0
42.0,119.0,21.0975,0.0,0.0,18.0,40.3,44.56,9.018,9.38,0.0,78.52,13.0,8.48,91.55,28.0,0.3663,128.65,1.0
30.0,30.0,5.0,1.0,0.0,12.0,7.08,10.52,8.518,8.2,0.0,75.81,17.69,6.5,89.0,63.0,0.3728,33.29,0.0
54.0,162.0,21.0975,0.0,2.0,10.0,27.42,32.58,10.279,12.87,0.0,63.55,13.88,22.57,89.12,34.0,0.1354,157.86,1.0
50.0,77.0,10.0,1.0,0.0,11.0,14.15,20.88,9.184,10.96,0.0,62.58,23.06,14.35,79.62,27.0,0.326,82.01,0.0
53.0,139.0,21.0975,1.0,2.0,19.0,28.95,31.79,8.902,13.52,0.0,71.43,26.68,1.89,84.57,69.0,0.0891,149.38,0.0
43.0,413.0,42.195,0.0,0.0,16.0,52.24,61.67,8.546,20.5,0.0,52.3,34.72,12.98,96.84,29.0,0.3151,278.86,1.0
46.0,61.0,10.0,1.0,2.0,14.0,30.17,37.39,8.741,9.64,0.0,72.77,5.93,21.3,64.41,29.0,0.1044,69.85,0.0
36.0,18.0,5.0,1.0,0.0,14.0,12.17,14.18,8.784,7.04,0.0,82.48,4.51,13.0,91.08,84.0,0.019,27.2,0.0
48.0,42.0,10.0,0.0,0.0,9.0,27.14,31.8,10.296,10.13,0.0,86.01,7.75,6.24,84.32,21.0,0.3127,52.65,0.0
41.0,190.0,21.0975,0.0,0.0,13.0,41.8,49.24,9.889,10.14,0.0,39.34,37.52,23.14,70.12,47.0,0.3475,180.49,1.0
24.0,58.0,10.0,1.0,2.0,8.0,12.35,15.2,8.403,8.49,0.0,79.01,20.93,0.06,100.0,91.0,0.1091,70.5,0.0
45.0,379.0,42.195,0.0,0.0,23.0,29.94,40.95,8.906,17.47,1.0,68.99,20.29,10.71,85.03,86.0,0.3582,327.15,1.0
48.0,31.0,5.0,1.0,0.0,12.0,11.29,14.25,9.528,8.14,0.0,69.74,11.92,18.34,88.83,36.0,0.3379,34.62,0.0
41.0,278.0,42.195,1.0,0.0,23.0,44.01,50.07,8.756,18.75,4.0,59.78,35.92,4.29,75.11,29.0,0.3226,229.6,1.0
33.0,143.0,21.0975,0.0,0.0,12.0,31.63,37.29,11.423,14.69,0.0,71.87,15.71,12.42,84.79,39.0,0.2363,143.68,1.0
25.0,59.0,10.0,1.0,0.0,12.0,21.2,27.42,7.907,10.54,0.0,66.48,29.28,4.24,61.57,90.0,0.1689,65.59,0.0
26.0,153.0,21.0975,0.0,0.0,13.0,42.63,48.29,8.052,10.67,0.0,66.92,12.01,21.07,74.57,67.0,0.4409,144.71,0.0
54.0,287.0,42.195,1.0,1.0,20.0,40.16,45.66,7.338,21.38,0.0,49.65,42.32,8.04,86.79,33.0,0.3995,273.8,1.0
39.0,23.0,5.0,2.0,2.0,10.0,18.03,21.03,7.744,7.28,0.0,71.35,12.32,16.33,81.45,22.0,0.1249,31.1,0.0
35.0,67.0,10.0,0.0,0.0,15.0,21.04,33.65,9.288,7.05,0.0,59.24,19.8,20.95,79.84,79.0,0.3488,74.27,1.0
43.0,32.0,5.0,2.0,0.0,9.0,8.48,10.37,8.877,4.81,0.0,74.84,18.17,6.98,85.78,63.0,0.203,33.43,1.0
30.0,235.0,42.195,1.0,0.0,14.0,41.61,53.93,8.277,21.68,2.0,79.48,0.0,20.52,75.22,50.0,0.2285,188.42,1.0
30.0,44.0,5.0,0.0,0.0,11.0,14.21,16.28,11.088,5.71,0.0,75.9,10.33,13.78,60.15,73.0,0.0569,44.11,1.0
44.0,90.0,10.0,0.0,0.0,15.0,24.08,34.94,8.923,8.49,0.0,43.71,38.93,17.36,84.85,47.0,0.2076,89.6,1.0
31.0,35.0,5.0,1.0,0.0,8.0,8.41,10.04,9.609,5.81,0.0,66.99,20.86,12.15,79.45,22.0,0.1759,36.61,1.0
39.0,88.0,10.0,0.0,0.0,12.0,30.38,37.72,9.412,8.51,0.0,67.41,28.53,4.06,84.15,36.0,0.4186,88.97,1.0
51.0,355.0,42.195,1.0,0.0,20.0,29.36,42.41,8.571,15.02,3.0,44.36,34.03,21.62,81.35,44.0,0.1135,295.6,0.0
39.0,67.0,10.0,0.0,0.0,16.0,16.26,22.39,11.561,10.11,0.0,71.02,20.92,8.06,91.21,38.0,0.4799,72.88,0.0
32.0,53.0,10.0,2.0,2.0,15.0,22.51,30.1,7.182,10.13,0.0,77.43,20.89,1.67,89.27,64.0,0.0574,63.46,0.0
55.0,166.0,21.0975,2.0,0.0,18.0,20.56,23.82,10.237,10.05,0.0,61.4,30.43,8.17,80.59,23.0,0.2555,172.44,1.0
29.0,33.0,5.0,0.0,0.0,7.0,7.68,12.57,10.937,4.18,0.0,90.23,6.49,3.28,78.5,27.0,0.25,36.0,1.0
46.0,129.0,21.0975,1.0,2.0,18.0,37.45,49.71,7.755,9.01,0.0,81.43,9.11,9.46,100.0,46.0,0.1295,140.33,0.0
44.0,114.0,21.0975,1.0,0.0,17.0,39.41,45.7,8.598,12.36,0.0,59.76,20.51,19.73,100.0,44.0,0.3879,136.94,0.0
26.0,192.0,21.0975,0.0,1.0,14.0,39.97,49.54,8.228,8.63,0.0,21.3,59.89,18.81,70.4,28.0,0.0912,168.4,1.0
26.0,124.0,21.0975,0.0,0.0,10.0,26.06,29.85,10.499,15.08,0.0,45.94,35.45,18.61,90.46,47.0,0.0995,138.5,0.0
42.0,228.0,42.195,0.0,1.0,19.0,59.59,66.2,8.181,20.23,1.0,41.47,34.81,23.72,70.6,91.0,0.501,199.31,1.0
55.0,392.0,42.195,1.0,2.0,18.0,47.27,67.91,6.647,17.56,0.0,90.25,0.0,9.75,98.81,61.0,0.2886,282.76,1.0
44.0,174.0,21.0975,1.0,1.0,18.0,37.55,49.3,7.668,9.2,0.0,53.13,42.26,4.61,80.8,30.0,0.4806,162.48,1.0
39.0,31.0,5.0,0.0,0.0,10.0,17.73,20.99,10.362,4.08,0.0,60.03,32.36,7.61,82.43,24.0,0.1364,30.56,1.0
45.0,308.0,42.195,1.0,1.0,12.0,44.16,59.58,7.646,15.94,2.0,61.63,30.38,7.99,70.63,29.0,0.168,270.88,1.0
51.0,63.0,10.0,0.0,0.0,10.0,18.02,24.33,10.086,7.58,0.0,61.07,17.24,21.69,65.86,54.0,0.3894,76.38,0.0
35.0,88.0,10.0,0.0,0.0,13.0,31.42,37.12,10.163,11.75,0.0,76.66,0.0,23.34,81.72,36.0,0.2273,91.11,1.0
29.0,129.0,21.0975,0.0,2.0,17.0,26.02,31.16,11.479,13.2,0.0,93.91,0.0,6.09,81.97,40.0,0.1252,145.11,0.0
46.0,93.0,10.0,0.0,0.0,15.0,10.56,16.8,10.235,11.51,0.0,65.55,20.21,14.24,79.56,71.0,0.0918,93.14,1.0
53.0,23.0,5.0,0.0,0.0,13.0,19.51,26.72,10.428,8.86,0.0,82.11,11.74,6.15,94.15,56.0,0.1408,28.89,0.0
23.0,195.0,42.195,2.0,1.0,15.0,43.04,55.33,6.5,19.11,4.0,26.6,50.68,22.72,88.38,78.0,0.4084,160.06,1.0
37.0,275.0,42.195,0.0,0.0,19.0,39.7,51.55,9.697,12.44,4.0,83.49,7.39,9.12,99.17,22.0,0.0457,221.4,1.0
32.0,246.0,42.195,2.0,0.0,22.0,48.04,69.79,6.5,20.35,4.0,57.32,22.98,19.69,100.0,81.0,0.0386,201.91,1.0
26.0,173.0,21.0975,0.0,1.0,14.0,15.63,20.92,10.927,11.73,0.0,72.21,22.61,5.18,80.55,21.0,0.2393,181.36,1.0
25.0,190.0,21.0975,0.0,0.0,15.0,36.42,49.1,10.76,12.16,0.0,49.58,32.19,18.23,97.23,55.0,0.2962,165.05,1.0
35.0,41.0,5.0,1.0,0.0,13.0,19.27,22.18,9.416,8.36,0.0,56.46,19.57,23.96,80.09,46.0,0.3292,43.07,0.0
42.0,188.0,21.0975,0.0,0.0,16.0,29.94,33.06,10.297,9.82,0.0,74.63,19.41,5.96,62.31,68.0,0.4573,188.61,1.0
47.0,30.0,5.0,0.0,0.0,6.0,21.58,27.32,9.948,6.89,0.0,60.89,23.81,15.3,57.2,72.0,0.169,31.72,1.0
32.0,261.0,42.195,0.0,0.0,12.0,41.52,44.84,8.09,19.54,0.0,40.6,40.55,18.86,84.49,90.0,0.0201,240.62,1.0
31.0,129.0,21.0975,0.0,2.0,18.0,20.41,30.57,9.638,14.75,0.0,62.92,30.95,6.14,62.78,21.0,0.266,153.71,0.0
54.0,21.0,5.0,0.0,0.0,14.0,14.57,23.75,10.651,8.13,0.0,65.23,25.01,9.76,74.47,91.0,0.1117,30.21,0.0
44.0,93.0,10.0,0.0,0.0,14.0,18.56,23.6,10.202,8.83,0.0,49.24,30.04,20.72,98.44,21.0,0.0821,91.98,1.0
33.0,285.0,42.195,1.0,2.0,13.0,29.48,34.33,9.994,16.7,3.0,50.29,48.1,1.61,80.57,81.0,0.1829,258.06,1.0
40.0,408.0,42.195,0.0,0.0,14.0,29.01,32.3,10.501,17.61,2.0,81.33,8.54,10.13,76.09,77.0,0.1135,336.01,1.0
45.0,44.0,10.0,1.0,0.0,10.0,22.01,25.7,8.282,11.57,0.0,53.12,32.88,14.01,81.43,45.0,0.4302,57.51,0.0
26.0,25.0,5.0,1.0,0.0,12.0,12.59,20.41,9.395,4.26,0.0,90.54,0.0,9.46,72.14,47.0,0.0214,29.42,0.0
44.0,38.0,5.0,1.0,0.0,11.0,21.22,26.67,9.043,4.11,0.0,69.69,12.14,18.17,88.25,76.0,0.271,38.92,1.0
41.0,154.0,21.0975,0.0,1.0,14.0,36.96,42.95,8.862,15.11,0.0,52.83,22.95,24.22,73.19,82.0,0.2238,157.34,1.0
29.0,181.0,21.0975,2.0,1.0,15.0,18.04,27.19,8.779,13.04,0.0,29.06,52.41,18.53,76.56,80.0,0.3743,174.53,1.0
48.0,177.0,21.0975,0.0,0.0,14.0,29.49,39.38,10.767,10.85,0.0,86.02,3.94,10.04,70.48,66.0,0.4319,151.15,1.0
39.0,52.0,10.0,1.0,0.0,14.0,15.48,19.74,8.767,8.73,0.0,62.75,18.39,18.86,84.5,75.0,0.1143,58.74,0.0
45.0,68.0,10.0,0.0,2.0,10.0,26.97,33.42,10.864,9.2,0.0,92.35,3.17,4.47,59.45,48.0,0.1886,86.8,0.0
55.0,163.0,21.0975,1.0,0.0,12.0,14.02,20.58,8.946,10.92,0.0,70.21,21.75,8.04,65.06,90.0,0.6,167.75,1.0
26.0,410.0,42.195,0.0,2.0,13.0,36.99,52.8,9.174,13.61,4.0,75.58,0.0,24.42,60.67,52.0,0.2678,297.1,1.0
45.0,22.0,5.0,0.0,0.0,11.0,16.98,26.15,9.064,8.66,0.0,77.66,18.9,3.44,74.45,83.0,0.1919,28.46,0.0
25.0,125.0,21.0975,1.0,2.0,13.0,35.75,47.52,7.259,14.86,0.0,97.03,0.75,2.22,100.0,82.0,0.4349,125.82,1.0
54.0,237.0,42.195,1.0,0.0,13.0,23.39,34.14,10.441,15.63,1.0,67.76,15.36,16.88,80.15,66.0,0.1104,268.94,0.0
44.0,108.0,21.0975,0.0,1.0,18.0,25.57,36.65,9.916,13.46,0.0,58.27,23.9,17.83,62.8,89.0,0.2561,136.24,0.0
29.0,20.0,5.0,1.0,0.0,14.0,12.82,19.69,8.878,5.73,0.0,73.02,22.1,4.88,90.62,72.0,0.1878,31.08,0.0
30.0,175.0,21.0975,0.0,0.0,11.0,13.78,20.31,10.545,12.76,0.0,59.23,22.46,18.31,66.05,84.0,0.0986,178.58,1.0
47.0,80.0,10.0,1.0,0.0,10.0,23.82,28.14,7.821,9.66,0.0,53.51,24.12,22.37,90.99,41.0,0.0898,76.11,1.0
32.0,113.0,21.0975,2.0,1.0,10.0,19.34,21.44,8.333,11.17,0.0,54.05,39.35,6.6,64.8,58.0,0.0515,133.64,0.0
24.0,70.0,10.0,1.0,1.0,8.0,17.82,24.29,7.932,9.44,0.0,34.72,61.76,3.52,83.52,22.0,0.2665,76.53,1.0
52.0,69.0,10.0,0.0,0.0,8.0,12.81,20.07,11.191,6.69,0.0,60.11,32.22,7.68,81.49,51.0,0.1819,73.11,0.0
47.0,122.0,21.0975,0.0,1.0,12.0,17.2,20.24,11.355,15.91,0.0,47.93,31.95,20.12,100.0,55.0,0.1932,159.89,0.0
43.0,34.0,5.0,0.0,0.0,8.0,14.3,20.21,9.496,6.88,0.0,58.84,21.34,19.82,89.67,90.0,0.3361,37.62,0.0
52.0,101.0,21.0975,0.0,0.0,15.0,31.13,46.48,8.627,13.89,0.0,80.19,13.56,6.25,74.41,41.0,0.0877,119.5,0.0
35.0,108.0,21.0975,1.0,1.0,14.0,29.53,35.5,8.462,9.79,0.0,53.01,41.63,5.36,82.07,48.0,0.2209,140.98,1.0
29.0,92.0,10.0,0.0,0.0,8.0,23.55,28.97,10.59,10.39,0.0,61.51,37.08,1.42,88.87,36.0,0.1936,87.65,0.0
48.0,38.0,10.0,2.0,1.0,16.0,20.34,27.28,9.074,8.32,0.0,54.28,33.31,12.4,100.0,69.0,0.2242,57.79,0.0
39.0,302.0,42.195,1.0,0.0,24.0,30.03,35.75,10.002,14.1,2.0,58.8,31.74,9.46,87.66,60.0,0.3987,306.23,1.0
33.0,155.0,21.0975,0.0,0.0,13.0,32.25,47.78,9.942,11.39,0.0,93.71,2.13,4.15,75.29,78.0,0.3275,146.09,1.0
23.0,78.0,10.0,1.0,0.0,9.0,17.41,20.18,9.602,10.49,0.0,82.15,3.48,14.37,81.53,75.0,0.226,77.09,1.0
25.0,24.0,5.0,1.0,0.0,11.0,18.21,24.17,9.025,7.94,0.0,93.69,3.62,2.69,79.99,87.0,0.2276,25.77,1.0
52.0,158.0,21.0975,0.0,0.0,16.0,40.93,49.15,9.353,8.27,0.0,48.97,34.01,17.02,98.89,77.0,0.2161,156.98,1.0
49.0,235.0,42.195,1.0,0.0,14.0,46.19,62.4,7.893,18.32,0.0,53.26,21.88,24.86,72.14,79.0,0.4397,194.66,1.0
38.0,21.0,5.0,0.0,0.0,14.0,13.52,17.47,10.16,4.9,0.0,34.19,41.2,24.61,67.59,58.0,0.1579,28.18,1.0
34.0,209.0,21.0975,1.0,2.0,16.0,33.24,44.43,8.276,10.68,0.0,68.75,22.01,9.24,79.66,48.0,0.3152,174.13,1.0
34.0,37.0,5.0,0.0,0.0,8.0,19.25,29.59,10.635,5.59,0.0,77.37,18.59,4.04,74.21,72.0,0.3968,40.24,0.0
24.0,45.0,5.0,0.0,2.0,7.0,21.58,27.59,8.677,6.88,0.0,80.43,16.81,2.76,59.46,45.0,0.0368,44.86,1.0
52.0,133.0,21.0975,2.0,1.0,14.0,13.35,20.04,9.573,13.52,0.0,52.03,47.62,0.35,80.59,50.0,0.1853,152.5,0.0
27.0,24.0,5.0,1.0,2.0,9.0,16.83,26.0,8.169,7.73,0.0,65.9,16.14,17.95,97.8,47.0,0.0711,31.64,0.0
39.0,171.0,21.0975,0.0,0.0,17.0,34.57,39.02,10.422,13.28,0.0,59.13,35.05,5.81,97.32,23.0,0.284,163.56,1.0
31.0,58.0,10.0,0.0,0.0,11.0,11.31,15.24,11.342,11.66,0.0,83.42,8.78,7.81,99.22,58.0,0.0935,70.42,0.0
29.0,365.0,42.195,0.0,1.0,13.0,37.65,51.39,9.487,19.36,2.0,73.71,26.09,0.2,96.8,69.0,0.0735,297.53,1.0
22.0,294.0,42.195,0.0,0.0,17.0,33.91,42.29,10.389,19.91,1.0,75.74,20.6,3.66,97.35,46.0,0.1607,265.52,1.0
34.0,86.0,10.0,0.0,0.0,15.0,19.86,30.79,10.854,10.39,0.0,76.99,7.77,15.24,96.03,40.0,0.0951,77.02,1.0
45.0,44.0,10.0,0.0,0.0,11.0,14.02,17.28,10.999,9.77,0.0,47.31,33.45,19.23,77.92,57.0,0.3498,56.78,0.0
38.0,18.0,5.0,1.0,0.0,11.0,14.32,23.87,8.289,4.3,0.0,51.91,31.51,16.58,98.48,70.0,0.2657,27.88,0.0
36.0,57.0,10.0,1.0,0.0,13.0,13.75,19.07,10.07,8.41,0.0,79.6,14.51,5.89,63.09,35.0,0.2867,64.02,0.0
32.0,62.0,10.0,0.0,2.0,14.0,17.73,24.45,12.214,11.48,0.0,62.26,31.66,6.08,73.44,80.0,0.2043,70.34,0.0
32.0,27.0,5.0,0.0,1.0,7.0,9.57,10.93,12.129,7.36,0.0,13.14,62.97,23.89,72.94,44.0,0.2411,38.1,0.0
28.0,30.0,5.0,1.0,0.0,11.0,18.99,21.66,9.254,5.22,0.0,49.43,28.84,21.73,70.15,61.0,0.1586,30.83,1.0
30.0,351.0,42.195,0.0,0.0,17.0,40.15,45.53,9.355,17.26,4.0,94.55,0.0,5.45,81.16,71.0,0.0914,285.97,1.0
30.0,307.0,42.195,2.0,0.0,19.0,50.72,58.1,6.5,21.76,3.0,44.19,34.86,20.95,77.42,22.0,0.3376,202.22,1.0
40.0,173.0,21.0975,1.0,0.0,19.0,35.79,44.7,8.56,9.55,0.0,82.25,12.28,5.47,74.9,46.0,0.2927,156.42,1.0
36.0,138.0,21.0975,1.0,0.0,12.0,33.16,40.45,8.872,8.17,0.0,60.98,23.13,15.88,100.0,79.0,0.2457,150.65,0.0
28.0,41.0,10.0,2.0,1.0,13.0,14.1,18.52,7.9,9.51,0.0,59.18,24.64,16.18,79.44,74.0,0.1439,63.08,1.0
39.0,207.0,21.0975,0.0,0.0,11.0,22.9,27.92,11.126,11.89,0.0,49.1,35.63,15.27,81.06,28.0,0.085,188.86,1.0
23.0,55.0,10.0,2.0,0.0,16.0,13.57,15.83,8.978,6.5,0.0,83.67,4.44,11.89,80.3,43.0,0.0685,62.57,0.0
48.0,110.0,21.0975,1.0,0.0,10.0,34.85,45.86,8.044,9.6,0.0,83.09,2.58,14.33,85.15,54.0,0.2911,120.97,1.0
30.0,192.0,42.195,1.0,0.0,23.0,23.29,33.4,9.532,21.93,3.0,65.29,23.46,11.25,90.06,67.0,0.1034,212.41,0.0
36.0,40.0,5.0,1.0,1.0,11.0,13.52,21.67,10.064,4.09,0.0,56.57,39.36,4.07,76.03,76.0,0.0941,49.48,0.0
27.0,97.0,21.0975,2.0,0.0,17.0,27.25,39.57,7.801,12.07,0.0,61.56,29.82,8.62,77.32,38.0,0.2987,113.61,0.0
27.0,343.0,42.195,1.0,0.0,15.0,36.49,44.55,7.663,17.33,3.0,99.08,0.13,0.78,80.06,86.0,0.0785,283.04,1.0
46.0,117.0,21.0975,0.0,0.0,17.0,26.85,29.74,10.054,12.55,0.0,75.59,14.4,10.02,91.97,60.0,0.1442,140.98,0.0
45.0,52.0,10.0,1.0,2.0,14.0,14.2,18.19,7.727,6.38,0.0,55.31,24.64,20.06,60.06,78.0,0.0452,64.29,0.0
50.0,30.0,5.0,0.0,2.0,13.0,16.67,25.36,10.678,4.97,0.0,54.99,30.41,14.6,81.81,36.0,0.1253,36.92,0.0
32.0,175.0,21.0975,0.0,2.0,12.0,26.86,38.22,9.537,10.38,0.0,72.87,25.33,1.8,92.93,91.0,0.1949,175.7,1.0
28.0,132.0,21.0975,1.0,0.0,10.0,32.38,41.75,6.786,14.53,0.0,75.75,17.55,6.7,75.57,30.0,0.2768,132.44,1.0
47.0,89.0,10.0,0.0,0.0,8.0,16.44,19.51,10.294,7.76,0.0,44.86,43.01,12.14,82.01,74.0,0.4795,87.47,1.0
28.0,379.0,42.195,0.0,2.0,21.0,34.48,49.44,9.035,14.24,4.0,65.76,22.5,11.75,93.48,49.0,0.1043,308.73,1.0
51.0,163.0,21.0975,1.0,1.0,17.0,26.09,33.05,8.595,9.41,0.0,46.28,34.56,19.16,85.53,64.0,0.2215,161.42,1.0
24.0,327.0,42.195,2.0,0.0,19.0,53.53,57.79,6.5,14.58,0.0,60.26,29.98,9.76,87.08,68.0,0.0575,239.93,1.0
34.0,60.0,10.0,0.0,0.0,9.0,20.55,30.66,10.103,9.87,0.0,40.03,36.72,23.25,87.93,54.0,0.3696,69.18,0.0
41.0,372.0,42.195,0.0,0.0,14.0,37.73,52.59,9.065,15.35,2.0,57.84,23.56,18.6,77.11,81.0,0.0123,287.33,1.0
37.0,411.0,42.195,2.0,0.0,18.0,37.37,51.48,6.5,15.06,1.0,70.33,23.43,6.24,66.09,87.0,0.1973,308.72,1.0
36.0,71.0,10.0,1.0,0.0,13.0,26.45,32.12,9.451,7.59,0.0,91.09,6.3,2.61,94.68,62.0,0.2243,76.43,1.0
36.0,49.0,10.0,0.0,0.0,14.0,18.79,22.94,10.905,6.73,0.0,65.14,28.75,6.11,87.94,72.0,0.3988,61.63,0.0
26.0,165.0,21.0975,2.0,0.0,12.0,33.91,40.59,6.514,11.94,0.0,76.65,15.85,7.5,61.18,49.0,0.1169,164.65,1.0
40.0,74.0,10.0,1.0,0.0,16.0,18.85,26.41,8.294,10.68,0.0,46.2,32.26,21.53,87.72,28.0,0.0198,73.17,1.0
24.0,148.0,21.0975,2.0,0.0,13.0,14.21,20.68,9.273,9.29,0.0,73.19,14.89,11.93,54.15,36.0,0.1074,169.09,0.0
24.0,208.0,42.195,0.0,0.0,24.0,41.98,61.72,8.543,17.27,4.0,57.26,35.35,7.39,76.37,67.0,0.0669,198.83,1.0
51.0,28.0,5.0,1.0,0.0,14.0,22.27,28.38,9.225,8.65,0.0,61.03,15.54,23.43,74.74,67.0,0.0727,33.25,0.0
54.0,202.0,42.195,1.0,0.0,24.0,51.04,69.48,6.5,13.88,4.0,66.64,30.06,3.3,84.16,89.0,0.1108,188.12,1.0
36.0,54.0,10.0,0.0,0.0,16.0,15.85,22.77,9.896,6.91,0.0,94.26,0.2,5.54,56.82,52.0,0.0833,65.59,0.0
55.0,44.0,10.0,1.0,2.0,14.0,21.13,33.46,7.86,11.28,0.0,64.54,15.27,20.18,77.95,89.0,0.0467,60.17,0.0
45.0,67.0,10.0,0.0,0.0,13.0,32.49,36.5,9.188,10.61,0.0,81.86,17.63,0.51,89.71,46.0,0.3532,67.48,1.0
38.0,47.0,10.0,1.0,2.0,12.0,18.65,22.55,8.891,7.71,0.0,58.92,29.86,11.22,61.4,64.0,0.1113,57.87,0.0
24.0,241.0,42.195,0.0,0.0,15.0,28.26,37.67,9.539,14.22,2.0,72.61,16.6,10.79,75.32,64.0,0.5523,265.0,0.0
35.0,77.0,10.0,1.0,0.0,14.0,15.92,19.45,9.969,7.87,0.0,55.19,23.13,21.68,70.91,91.0,0.143,82.76,0.0
39.0,47.0,10.0,2.0,0.0,15.0,25.1,29.09,8.194,7.04,0.0,50.03,39.26,10.72,100.0,27.0,0.1217,53.88,0.0
35.0,200.0,42.195,1.0,0.0,19.0,51.67,68.09,7.718,15.54,0.0,90.65,3.34,6.01,79.41,36.0,0.3089,194.93,1.0
48.0,56.0,10.0,1.0,0.0,14.0,20.1,30.71,8.554,6.29,0.0,91.29,5.23,3.48,83.69,45.0,0.215,62.5,0.0
29.0,130.0,21.0975,2.0,1.0,12.0,24.94,37.65,6.778,15.07,0.0,26.74,55.55,17.71,88.81,72.0,0.3287,148.13,0.0
50.0,97.0,21.0975,2.0,0.0,13.0,38.1,48.2,7.037,9.77,0.0,78.26,18.81,2.93,72.61,43.0,0.2071,129.24,0.0
42.0,197.0,21.0975,0.0,0.0,11.0,29.18,35.25,10.259,14.5,0.0,70.59,21.6,7.81,95.59,30.0,0.1105,184.19,1.0
50.0,103.0,21.0975,0.0,0.0,11.0,34.69,41.53,9.7,13.98,0.0,98.64,0.0,1.36,100.0,59.0,0.3031,129.89,0.0
47.0,201.0,21.0975,0.0,0.0,19.0,25.17,34.72,10.036,12.23,0.0,52.51,42.49,5.0,87.57,53.0,0.1576,192.85,1.0
23.0,26.0,5.0,0.0,0.0,11.0,7.17,10.99,12.258,5.6,0.0,72.48,22.43,5.09,75.07,84.0,0.1691,34.05,0.0
34.0,364.0,42.195,2.0,2.0,15.0,34.08,46.23,7.203,20.35,1.0,71.6,16.16,12.24,73.09,46.0,0.4759,261.42,1.0
27.0,184.0,21.0975,0.0,2.0,16.0,20.52,26.82,9.994,12.69,0.0,74.23,23.15,2.62,97.57,30.0,0.2996,179.63,1.0
33.0,43.0,10.0,0.0,1.0,14.0,29.33,37.12,9.903,11.74,0.0,47.25,51.87,0.89,45.01,50.0,0.4524,63.75,0.0
50.0,154.0,21.0975,0.0,0.0,13.0,16.61,21.61,11.152,8.32,0.0,96.06,0.0,3.94,84.76,55.0,0.2239,163.13,1.0
53.0,23.0,5.0,1.0,1.0,13.0,9.68,13.41,9.974,4.64,0.0,55.8,21.74,22.45,88.24,89.0,0.0485,34.36,0.0
33.0,111.0,21.0975,0.0,0.0,18.0,28.34,33.63,10.653,11.42,0.0,50.69,28.35,20.96,65.46,52.0,0.4814,145.4,0.0
27.0,56.0,10.0,0.0,0.0,12.0,14.22,16.74,13.72,9.33,0.0,59.26,28.01,12.73,67.56,88.0,0.1003,65.26,0.0
53.0,22.0,5.0,2.0,0.0,7.0,20.45,24.42,8.01,6.57,0.0,84.71,9.33,5.96,82.65,83.0,0.3842,27.33,0.0
50.0,148.0,21.0975,1.0,2.0,15.0,21.18,31.02,8.675,14.0,0.0,69.38,8.16,22.45,81.42,22.0,0.1129,148.92,1.0
32.0,61.0,10.0,0.0,0.0,10.0,10.31,15.56,10.225,11.14,0.0,63.83,20.58,15.6,100.0,48.0,0.0975,63.43,1.0
26.0,39.0,5.0,0.0,0.0,6.0,10.44,17.27,10.869,8.94,0.0,72.61,14.39,13.0,70.05,58.0,0.0348,40.37,1.0
53.0,34.0,5.0,0.0,0.0,10.0,12.37,18.61,11.637,6.85,0.0,58.17,20.31,21.52,78.19,57.0,0.3108,37.8,0.0
52.0,25.0,5.0,0.0,0.0,8.0,21.31,25.8,10.033,8.21,0.0,61.53,29.39,9.08,91.53,24.0,0.2339,29.18,0.0
53.0,78.0,10.0,0.0,2.0,10.0,24.56,28.64,8.095,9.26,0.0,76.12,20.05,3.83,72.49,72.0,0.2299,77.86,1.0
37.0,37.0,5.0,0.0,0.0,9.0,15.59,21.11,11.927,7.82,0.0,75.69,0.0,24.31,78.13,44.0,0.5975,40.12,1.0
52.0,53.0,10.0,0.0,1.0,14.0,22.64,34.52,10.035,7.57,0.0,45.53,51.94,2.53,79.5,25.0,0.1471,70.99,0.0
35.0,56.0,10.0,0.0,0.0,9.0,23.72,33.1,8.671,8.97,0.0,69.18,25.58,5.23,58.35,68.0,0.1641,63.77,0.0
27.0,184.0,21.0975,2.0,2.0,14.0,17.06,22.3,7.962,12.87,0.0,55.4,30.02,14.57,99.97,45.0,0.2112,183.77,1.0
33.0,171.0,21.0975,2.0,1.0,11.0,24.01,32.52,8.268,11.1,0.0,37.28,40.5,22.22,69.64,72.0,0.2991,170.96,1.0
27.0,204.0,21.0975,0.0,0.0,20.0,41.9,46.03,9.707,14.75,0.0,69.73,23.55,6.72,100.0,50.0,0.1504,175.06,1.0
44.0,252.0,42.195,0.0,1.0,22.0,29.54,36.66,11.173,13.18,3.0,38.92,49.51,11.57,87.66,51.0,0.0092,286.3,0.0
27.0,319.0,42.195,0.0,0.0,19.0,28.31,40.92,10.383,12.52,2.0,59.25,23.24,17.5,67.32,56.0,0.3126,274.78,1.0
51.0,102.0,21.0975,0.0,2.0,16.0,22.04,28.71,11.06,15.22,0.0,69.19,11.83,18.98,100.0,41.0,0.2644,123.7,0.0
29.0,71.0,10.0,0.0,0.0,16.0,23.34,36.51,9.548,9.54,0.0,67.73,26.7,5.57,81.75,35.0,0.2972,80.86,0.0
39.0,18.0,5.0,1.0,0.0,10.0,13.72,22.77,9.744,7.16,0.0,50.57,31.53,17.91,81.88,43.0,0.1734,27.55,0.0
38.0,82.0,10.0,1.0,1.0,12.0,24.12,30.49,8.993,9.11,0.0,50.61,25.28,24.11,100.0,83.0,0.3013,90.21,0.0
53.0,51.0,10.0,1.0,0.0,15.0,16.21,21.57,9.73,7.09,0.0,86.89,7.84,5.26,97.32,38.0,0.3848,63.71,0.0
31.0,194.0,21.0975,1.0,0.0,15.0,34.18,43.08,6.665,9.41,0.0,86.91,6.81,6.29,71.03,72.0,0.0304,168.32,1.0
52.0,396.0,42.195,0.0,0.0,22.0,37.46,42.76,9.483,13.72,4.0,82.79,0.0,17.21,81.31,36.0,0.2666,293.24,1.0
36.0,322.0,42.195,0.0,0.0,21.0,28.58,32.52,11.793,12.12,4.0,63.07,21.96,14.97,86.89,90.0,0.1913,315.58,1.0
23.0,64.0,10.0,1.0,1.0,14.0,19.21,24.32,6.755,11.36,0.0,19.18,56.19,24.64,90.59,81.0,0.1147,70.43,0.0
52.0,49.0,10.0,0.0,1.0,12.0,28.73,34.17,8.688,9.58,0.0,47.58,30.24,22.18,84.16,33.0,0.0902,64.53,0.0
52.0,71.0,10.0,0.0,2.0,12.0,16.2,25.19,9.468,11.95,0.0,72.39,24.41,3.2,83.76,80.0,0.0878,78.4,0.0
52.0,129.0,21.0975,0.0,1.0,17.0,35.86,48.23,9.691,8.83,0.0,61.25,27.03,11.72,81.96,66.0,0.0945,153.17,0.0
52.0,399.0,42.195,2.0,0.0,20.0,49.31,63.99,6.5,13.44,1.0,77.95,1.57,20.48,59.0,78.0,0.2373,281.2,1.0
24.0,82.0,10.0,2.0,0.0,14.0,11.96,16.39,7.232,6.32,0.0,44.45,40.93,14.62,100.0,90.0,0.3643,82.6,1.0
31.0,163.0,21.0975,1.0,1.0,12.0,18.28,24.6,9.007,14.94,0.0,51.51,34.04,14.45,95.17,56.0,0.3426,159.61,1.0
41.0,176.0,21.0975,0.0,0.0,12.0,38.39,47.69,9.447,10.87,0.0,56.09,31.18,12.73,97.3,24.0,0.0367,155.58,1.0
47.0,178.0,21.0975,0.0,0.0,11.0,33.71,36.7,10.072,11.44,0.0,71.11,6.34,22.55,81.76,91.0,0.0832,174.41,1.0
26.0,67.0,10.0,0.0,0.0,11.0,17.47,23.98,11.584,6.69,0.0,74.65,21.69,3.65,76.32,84.0,0.0574,72.67,0.0
36.0,78.0,10.0,0.0,0.0,14.0,16.03,22.05,9.581,10.32,0.0,69.11,13.0,17.89,91.55,26.0,0.3985,81.7,0.0
24.0,372.0,42.195,1.0,0.0,17.0,54.62,62.7,7.082,15.84,3.0,85.49,10.71,3.79,83.92,62.0,0.1913,248.05,1.0
23.0,168.0,21.0975,1.0,1.0,11.0,21.59,23.6,9.33,8.18,0.0,80.37,17.87,1.76,100.0,65.0,0.2007,171.51,1.0
35.0,285.0,42.195,0.0,0.0,14.0,56.58,62.0,8.382,18.31,1.0,73.43,26.26,0.31,88.9,31.0,0.0356,198.07,1.0
27.0,70.0,10.0,1.0,2.0,12.0,25.69,32.28,7.868,11.45,0.0,69.14,22.67,8.18,80.31,57.0,0.2014,72.32,1.0
32.0,209.0,21.0975,1.0,0.0,11.0,28.23,41.68,8.497,9.78,0.0,72.21,5.89,21.89,100.0,31.0,0.1461,185.45,1.0
39.0,146.0,21.0975,0.0,0.0,17.0,39.48,44.68,9.766,12.49,0.0,60.94,28.62,10.44,89.61,58.0,0.1689,157.19,0.0
45.0,82.0,10.0,0.0,0.0,11.0,20.5,31.59,9.639,9.04,0.0,88.41,8.01,3.58,66.49,56.0,0.2088,81.99,1.0
27.0,42.0,5.0,2.0,0.0,14.0,14.82,22.57,6.5,6.74,0.0,61.09,21.57,17.34,74.42,75.0,0.2993,39.5,1.0
43.0,289.0,42.195,0.0,0.0,13.0,36.81,41.43,10.626,18.56,1.0,74.81,12.72,12.46,88.47,21.0,0.0975,239.23,1.0
38.0,39.0,5.0,0.0,0.0,9.0,13.93,21.76,11.776,5.12,0.0,71.11,11.63,17.26,93.87,60.0,0.19,36.41,1.0
40.0,29.0,5.0,0.0,2.0,14.0,20.36,27.48,10.629,6.31,0.0,78.07,11.22,10.71,75.14,21.0,0.131,39.15,0.0
30.0,368.0,42.195,1.0,0.0,14.0,47.87,65.78,6.949,13.54,2.0,90.71,7.35,1.94,62.75,21.0,0.2385,281.15,1.0
34.0,116.0,21.0975,1.0,1.0,16.0,30.53,35.56,8.037,8.44,0.0,66.82,27.6,5.59,100.0,72.0,0.0807,127.03,0.0
42.0,166.0,21.0975,1.0,1.0,16.0,43.03,47.45,7.071,13.04,0.0,26.82,57.24,15.94,79.39,89.0,0.1551,162.88,1.0
32.0,95.0,10.0,0.0,2.0,8.0,30.68,37.41,9.312,9.02,0.0,77.06,9.33,13.61,75.32,76.0,0.2958,90.19,1.0
50.0,63.0,10.0,1.0,0.0,10.0,24.0,31.25,8.708,11.26,0.0,85.91,10.77,3.32,92.66,37.0,0.055,67.31,0.0
47.0,119.0,21.0975,0.0,0.0,18.0,31.81,37.91,10.408,13.23,0.0,62.19,25.99,11.82,97.66,89.0,0.0492,134.31,0.0
43.0,45.0,5.0,0.0,1.0,8.0,19.6,22.87,10.009,6.28,0.0,55.96,25.64,18.4,74.45,48.0,0.1079,50.16,0.0
54.0,18.0,5.0,0.0,1.0,10.0,18.55,24.95,10.32,5.64,0.0,67.37,22.61,10.02,93.91,56.0,0.103,31.4,0.0
53.0,120.0,21.0975,0.0,0.0,14.0,35.75,48.6,9.391,12.34,0.0,55.99,30.2,13.81,91.87,81.0,0.2245,148.14,0.0
24.0,138.0,21.0975,1.0,2.0,20.0,16.6,22.47,10.753,12.85,0.0,80.65,10.86,8.49,59.97,33.0,0.1111,166.02,0.0
53.0,107.0,21.0975,1.0,0.0,12.0,29.88,32.67,8.935,10.23,0.0,68.79,16.12,15.09,81.85,54.0,0.238,132.22,0.0
32.0,83.0,10.0,1.0,1.0,15.0,19.81,24.71,9.982,8.36,0.0,23.16,53.85,22.98,73.96,21.0,0.1907,88.15,0.0
28.0,190.0,21.0975,1.0,0.0,11.0,25.1,34.31,9.792,15.87,0.0,55.57,29.83,14.6,91.16,72.0,0.0602,170.78,1.0
51.0,30.0,5.0,1.0,0.0,12.0,15.12,20.51,9.206,6.85,0.0,82.65,10.31,7.04,76.45,71.0,0.1703,34.55,0.0
52.0,38.0,10.0,0.0,1.0,12.0,25.11,36.81,9.391,11.72,0.0,55.53,39.49,4.98,92.88,44.0,0.2384,56.46,0.0
55.0,26.0,5.0,0.0,0.0,13.0,18.76,21.46,11.025,5.58,0.0,93.16,3.86,2.98,71.21,66.0,0.1284,29.39,0.0
47.0,234.0,42.195,1.0,1.0,20.0,41.25,50.68,6.5,19.19,1.0,31.33,47.96,20.71,61.33,70.0,0.1429,228.83,1.0
49.0,124.0,21.0975,1.0,0.0,16.0,19.76,28.85,10.41,8.2,0.0,72.49,24.38,3.12,100.0,30.0,0.131,135.05,1.0
44.0,46.0,10.0,0.0,1.0,16.0,23.58,35.3,8.959,7.23,0.0,25.64,53.09,21.27,70.8,62.0,0.0679,62.99,0.0
26.0,51.0,10.0,0.0,0.0,11.0,20.7,27.98,9.855,10.32,0.0,78.41,18.9,2.69,85.55,41.0,0.1683,63.13,0.0
42.0,25.0,5.0,1.0,0.0,10.0,18.86,24.7,8.704,6.52,0.0,61.47,19.04,19.49,74.93,63.0,0.219,31.65,0.0
22.0,100.0,21.0975,1.0,2.0,11.0,16.12,23.09,10.226,13.09,0.0,61.29,15.7,23.02,64.73,80.0,0.2414,117.91,0.0
31.0,91.0,10.0,0.0,0.0,12.0,13.19,16.5,11.583,9.94,0.0,47.62,33.8,18.58,83.12,80.0,0.3579,90.9,1.0
47.0,300.0,42.195,1.0,0.0,18.0,27.07,37.34,8.385,17.35,4.0,86.59,12.36,1.05,100.0,70.0,0.31,257.77,1.0
46.0,380.0,42.195,0.0,0.0,15.0,48.56,65.06,8.898,18.81,2.0,84.84,12.21,2.95,78.96,31.0,0.2452,271.78,1.0
37.0,77.0,10.0,2.0,2.0,8.0,15.38,22.41,9.581,11.36,0.0,49.32,30.0,20.68,80.04,22.0,0.1697,76.12,1.0
26.0,21.0,5.0,1.0,1.0,14.0,9.86,16.26,9.869,6.54,0.0,42.22,34.43,23.36,81.08,41.0,0.367,31.47,0.0
37.0,106.0,21.0975,0.0,0.0,16.0,29.56,36.54,9.217,11.79,0.0,48.89,44.22,6.89,76.8,45.0,0.175,133.19,0.0
32.0,82.0,10.0,0.0,1.0,12.0,15.71,23.94,10.715,7.44,0.0,31.74,61.65,6.61,90.12,58.0,0.0904,89.14,0.0
51.0,34.0,5.0,0.0,0.0,12.0,14.89,17.9,11.849,8.22,0.0,73.52,9.74,16.75,75.07,58.0,0.0616,37.32,0.0
29.0,38.0,5.0,0.0,0.0,10.0,11.39,13.81,11.914,5.9,0.0,80.99,5.4,13.61,83.56,83.0,0.1969,41.83,0.0
42.0,61.0,10.0,1.0,2.0,10.0,13.61,20.33,7.873,10.14,0.0,78.18,16.72,5.1,78.63,74.0,0.0655,66.35,0.0
37.0,26.0,5.0,0.0,0.0,9.0,8.02,10.09,10.14,8.66,0.0,75.61,0.0,24.39,63.26,65.0,0.2947,33.92,0.0
24.0,216.0,42.195,0.0,0.0,19.0,26.24,38.22,9.756,17.66,1.0,77.97,14.42,7.61,74.68,39.0,0.0699,232.63,1.0
42.0,38.0,5.0,0.0,0.0,10.0,20.17,27.34,10.073,7.91,0.0,58.54,30.77,10.69,74.87,72.0,0.13,44.04,0.0
37.0,175.0,21.0975,1.0,0.0,15.0,15.33,21.73,9.222,14.25,0.0,75.88,19.93,4.19,76.89,21.0,0.028,171.77,1.0
46.0,45.0,5.0,0.0,1.0,6.0,18.06,20.87,11.183,6.69,0.0,55.78,34.58,9.63,74.16,65.0,0.2039,48.35,1.0
26.0,135.0,21.0975,0.0,2.0,10.0,19.36,26.25,9.607,14.61,0.0,69.82,25.6,4.59,82.04,81.0,0.1328,156.36,0.0
35.0,128.0,21.0975,1.0,0.0,19.0,29.61,33.24,7.601,8.27,0.0,79.22,16.95,3.83,74.3,22.0,0.2389,153.03,0.0
26.0,31.0,5.0,0.0,0.0,14.0,12.76,14.69,11.395,6.32,0.0,69.37,26.04,4.59,100.0,22.0,0.1987,33.98,0.0
31.0,84.0,10.0,2.0,1.0,12.0,11.19,15.23,9.391,10.97,0.0,46.78,42.9,10.32,77.14,21.0,0.1737,83.89,1.0
28.0,41.0,5.0,2.0,0.0,9.0,15.36,20.34,8.919,7.34,0.0,79.73,5.71,14.56,96.01,90.0,0.2914,40.33,1.0
43.0,36.0,5.0,1.0,0.0,6.0,7.83,12.29,9.547,5.56,0.0,62.68,14.3,23.02,92.5,91.0,0.049,37.64,1.0
24.0,38.0,10.0,1.0,0.0,14.0,15.53,23.31,9.312,7.35,0.0,63.01,24.22,12.76,80.23,74.0,0.0996,50.22,0.0
36.0,189.0,21.0975,0.0,0.0,20.0,19.39,29.33,10.506,15.98,0.0,40.26,37.15,22.6,71.1,38.0,0.1785,181.07,1.0
49.0,154.0,21.0975,1.0,2.0,19.0,38.37,46.72,8.471,9.65,0.0,67.79,28.43,3.79,79.57,74.0,0.2195,162.55,1.0
41.0,20.0,5.0,0.0,1.0,7.0,23.28,29.67,9.738,6.95,0.0,59.17,28.08,12.75,82.8,85.0,0.1245,30.1,0.0
32.0,20.0,5.0,0.0,0.0,14.0,21.76,26.56,9.448,7.07,0.0,57.61,20.16,22.23,100.0,76.0,0.3991,29.22,1.0
47.0,61.0,10.0,0.0,0.0,16.0,17.1,24.28,10.365,10.04,0.0,95.03,4.06,0.9,71.58,66.0,0.2974,76.23,0.0
43.0,24.0,5.0,1.0,0.0,11.0,19.9,26.94,7.333,8.97,0.0,40.67,40.0,19.33,100.0,28.0,0.2042,26.22,0.0
24.0,163.0,21.0975,1.0,0.0,11.0,22.53,25.93,9.864,9.88,0.0,88.49,4.04,7.48,81.52,73.0,0.212,175.43,1.0
26.0,262.0,42.195,0.0,0.0,17.0,53.93,68.36,8.05,15.48,4.0,78.89,8.64,12.46,66.64,82.0,0.2476,207.88,1.0
32.0,23.0,5.0,0.0,0.0,13.0,15.93,22.63,11.251,6.67,0.0,57.02,23.08,19.9,66.83,35.0,0.4305,27.71,0.0
50.0,123.0,21.0975,1.0,0.0,20.0,27.18,33.38,8.621,11.63,0.0,51.17,25.09,23.74,73.54,59.0,0.1504,139.16,0.0
27.0,22.0,5.0,1.0,0.0,13.0,16.15,22.39,8.994,5.31,0.0,79.27,0.0,20.73,75.44,51.0,0.1062,29.08,0.0
36.0,59.0,10.0,1.0,0.0,13.0,24.72,34.56,9.84,6.62,0.0,74.96,9.79,15.25,71.09,22.0,0.1036,61.47,1.0
40.0,28.0,5.0,2.0,0.0,7.0,15.5,19.15,8.974,8.51,0.0,55.56,20.0,24.44,90.94,39.0,0.1723,30.08,0.0
32.0,40.0,5.0,2.0,2.0,13.0,18.08,20.59,7.946,8.26,0.0,74.61,23.68,1.71,73.24,56.0,0.1143,44.05,0.0
34.0,224.0,42.195,1.0,1.0,20.0,41.93,45.27,8.507,20.58,2.0,49.76,33.75,16.48,83.92,40.0,0.2428,221.67,1.0
40.0,35.0,5.0,1.0,0.0,14.0,18.43,26.48,9.355,7.11,0.0,59.6,29.83,10.57,64.82,28.0,0.1915,37.99,0.0
28.0,208.0,21.0975,0.0,0.0,19.0,32.99,49.81,9.632,13.67,0.0,58.01,17.18,24.81,73.13,64.0,0.5431,183.4,1.0
51.0,106.0,21.0975,0.0,0.0,11.0,31.8,45.65,8.822,9.05,0.0,71.78,24.51,3.71,100.0,31.0,0.488,125.82,0.0
49.0,72.0,10.0,2.0,0.0,9.0,18.95,28.99,7.661,9.66,0.0,51.4,29.04,19.55,86.59,60.0,0.0484,72.09,1.0
32.0,312.0,42.195,0.0,0.0,15.0,22.24,30.7,12.051,13.49,2.0,68.25,23.61,8.14,83.94,91.0,0.0618,274.82,1.0
39.0,57.0,10.0,0.0,0.0,9.0,14.17,16.41,11.939,7.83,0.0,77.57,3.1,19.33,73.36,27.0,0.3745,65.94,0.0
31.0,112.0,21.0975,0.0,0.0,11.0,25.8,35.75,10.441,13.45,0.0,60.66,14.53,24.81,62.22,76.0,0.234,132.36,0.0
44.0,138.0,21.0975,2.0,0.0,14.0,29.61,36.31,7.353,13.04,0.0,56.93,21.57,21.49,96.92,71.0,0.2026,153.81,0.0
51.0,92.0,10.0,0.0,0.0,13.0,18.78,26.95,12.076,7.88,0.0,46.81,36.64,16.55,82.27,82.0,0.1882,89.78,1.0
33.0,121.0,21.0975,2.0,1.0,14.0,17.84,20.32,8.977,13.63,0.0,49.13,35.16,15.71,90.44,60.0,0.125,141.52,0.0
32.0,73.0,10.0,1.0,0.0,8.0,17.94,28.65,8.687,6.22,0.0,70.14,5.79,24.07,93.33,71.0,0.3441,78.04,0.0
45.0,188.0,42.195,0.0,1.0,23.0,27.18,32.0,10.464,15.42,3.0,55.89,38.32,5.78,73.44,67.0,0.1152,238.65,0.0
52.0,164.0,21.0975,1.0,1.0,14.0,30.59,42.84,8.004,15.01,0.0,57.9,29.92,12.18,81.04,72.0,0.2219,183.83,0.0
34.0,86.0,10.0,0.0,0.0,11.0,24.75,29.06,9.803,6.81,0.0,56.62,21.01,22.36,81.23,85.0,0.2617,93.18,1.0
36.0,65.0,10.0,1.0,0.0,13.0,29.09,35.7,7.733,6.92,0.0,45.88,31.95,22.17,94.78,36.0,0.1098,63.1,1.0
27.0,205.0,21.0975,2.0,0.0,10.0,26.07,33.48,7.851,10.92,0.0,97.44,0.0,2.56,74.93,68.0,0.3906,177.48,1.0
22.0,67.0,10.0,0.0,1.0,10.0,26.74,34.51,8.45,9.49,0.0,48.65,40.97,10.37,93.23,55.0,0.3849,75.53,0.0
33.0,350.0,42.195,2.0,0.0,12.0,57.9,66.02,6.5,21.01,2.0,60.37,33.95,5.68,79.22,80.0,0.2205,215.55,1.0
47.0,143.0,21.0975,0.0,1.0,19.0,19.23,28.86,11.431,11.45,0.0,68.87,24.6,6.53,95.36,76.0,0.2311,158.12,0.0
55.0,376.0,42.195,0.0,1.0,22.0,22.97,28.03,10.377,15.63,4.0,51.88,36.75,11.37,58.9,48.0,0.2817,339.85,1.0
44.0,415.0,42.195,1.0,2.0,16.0,56.11,61.07,6.656,19.96,2.0,74.94,17.77,7.29,96.38,39.0,0.09,251.44,1.0
49.0,96.0,21.0975,0.0,0.0,18.0,21.3,27.16,10.256,12.66,0.0,50.5,28.36,21.13,73.19,69.0,0.1655,129.61,0.0
48.0,30.0,5.0,0.0,1.0,10.0,18.94,26.63,8.349,4.28,0.0,53.99,42.94,3.07,100.0,48.0,0.3057,41.32,0.0
27.0,148.0,21.0975,1.0,0.0,17.0,28.86,37.01,9.643,11.16,0.0,73.48,12.03,14.48,86.58,40.0,0.1622,160.16,0.0
32.0,318.0,42.195,1.0,0.0,20.0,45.7,61.33,7.133,21.25,1.0,61.1,32.86,6.04,88.51,63.0,0.3317,260.91,1.0
55.0,147.0,21.0975,0.0,0.0,12.0,30.48,45.76,9.588,13.47,0.0,73.16,16.84,10.0,72.99,40.0,0.2808,156.25,1.0
29.0,193.0,21.0975,1.0,0.0,15.0,35.71,49.23,8.017,14.34,0.0,58.1,25.82,16.09,73.67,49.0,0.1818,170.04,1.0
41.0,44.0,5.0,1.0,1.0,9.0,21.82,27.03,8.366,8.74,0.0,19.0,63.46,17.54,71.71,56.0,0.3043,51.6,0.0
40.0,70.0,10.0,0.0,0.0,14.0,16.45,25.6,10.75,8.92,0.0,69.99,22.04,7.97,91.66,59.0,0.1757,75.26,1.0
27.0,24.0,5.0,2.0,0.0,8.0,17.79,20.78,7.679,8.37,0.0,42.46,38.6,18.94,68.22,72.0,0.2592,29.0,0.0
41.0,196.0,21.0975,1.0,0.0,13.0,26.03,29.53,8.589,15.63,0.0,93.38,6.26,0.36,95.14,82.0,0.2285,188.87,1.0
48.0,27.0,5.0,0.0,1.0,6.0,10.2,14.74,13.094,7.05,0.0,49.67,39.09,11.24,100.0,62.0,0.144,36.98,0.0
31.0,35.0,5.0,0.0,0.0,14.0,22.29,26.65,9.966,7.16,0.0,56.42,23.55,20.03,80.27,28.0,0.1819,40.13,0.0
55.0,118.0,21.0975,1.0,0.0,17.0,25.18,36.71,8.006,10.71,0.0,56.2,28.84,14.96,83.79,47.0,0.0952,139.49,0.0
34.0,203.0,21.0975,0.0,2.0,18.0,20.84,31.14,10.827,9.43,0.0,55.15,20.98,23.87,73.6,41.0,0.0717,180.46,1.0
42.0,109.0,21.0975,0.0,2.0,13.0,18.62,25.84,11.316,12.95,0.0,96.92,0.0,3.08,76.57,26.0,0.2835,142.61,0.0
53.0,28.0,5.0,2.0,2.0,6.0,8.2,10.11,9.659,6.87,0.0,66.65,13.95,19.41,76.95,58.0,0.163,36.1,0.0
54.0,224.0,42.195,2.0,2.0,23.0,41.98,54.84,6.5,21.26,3.0,91.86,1.04,7.09,91.27,29.0,0.1964,176.65,1.0
48.0,69.0,10.0,0.0,0.0,13.0,18.39,24.69,11.835,11.36,0.0,72.36,11.21,16.43,82.95,74.0,0.0672,78.41,0.0
28.0,172.0,21.0975,1.0,0.0,14.0,13.72,20.04,9.144,14.17,0.0,76.65,4.82,18.53,85.7,26.0,0.1607,159.52,1.0
38.0,45.0,10.0,1.0,0.0,14.0,29.02,33.52,6.937,6.27,0.0,57.66,24.88,17.46,100.0,86.0,0.0187,49.91,0.0
46.0,95.0,21.0975,1.0,2.0,18.0,18.13,22.42,10.029,13.99,0.0,75.45,10.24,14.31,99.58,36.0,0.293,123.96,0.0
43.0,252.0,42.195,0.0,0.0,18.0,22.91,29.35,10.306,19.97,0.0,75.6,23.21,1.19,74.88,76.0,0.1091,279.58,0.0
48.0,45.0,5.0,1.0,2.0,12.0,18.88,27.84,8.299,7.21,0.0,72.74,4.51,22.75,43.3,91.0,0.1021,45.9,1.0
50.0,402.0,42.195,2.0,0.0,20.0,42.6,51.2,6.5,18.12,3.0,68.39,16.12,15.49,99.21,42.0,0.1048,278.65,1.0
32.0,25.0,5.0,1.0,0.0,6.0,21.81,28.26,8.486,5.8,0.0,48.43,31.77,19.79,97.07,90.0,0.2531,30.5,1.0
49.0,26.0,5.0,0.0,1.0,10.0,14.29,23.48,10.223,8.2,0.0,58.44,28.64,12.92,69.02,70.0,0.2567,37.24,0.0
55.0,92.0,10.0,0.0,0.0,10.0,16.15,20.15,10.625,6.45,0.0,81.49,10.43,8.08,91.45,28.0,0.1129,92.63,1.0
36.0,416.0,42.195,2.0,0.0,13.0,27.22,36.33,9.291,17.23,3.0,36.65,41.61,21.74,72.39,35.0,0.1406,305.38,1.0
53.0,94.0,10.0,1.0,0.0,10.0,19.06,23.27,7.994,8.44,0.0,54.32,21.13,24.55,53.77,31.0,0.5219,88.27,1.0
50.0,382.0,42.195,0.0,0.0,24.0,39.04,51.42,9.535,20.81,3.0,69.67,14.03,16.3,96.51,36.0,0.1752,276.32,1.0
26.0,194.0,21.0975,0.0,2.0,10.0,22.5,29.97,12.753,10.01,0.0,65.2,21.99,12.81,79.18,66.0,0.284,187.74,1.0
32.0,291.0,42.195,0.0,0.0,18.0,27.99,33.36,10.891,20.64,3.0,42.21,39.77,18.01,81.15,47.0,0.0202,289.37,1.0
53.0,251.0,42.195,0.0,1.0,21.0,38.67,47.4,10.216,21.71,0.0,50.03,44.99,4.98,76.0,67.0,0.0669,284.73,0.0
27.0,36.0,5.0,1.0,1.0,14.0,14.1,16.67,9.594,5.13,0.0,28.71,67.2,4.09,72.11,84.0,0.0459,39.98,0.0
40.0,283.0,42.195,1.0,1.0,20.0,46.54,50.88,8.143,20.18,3.0,43.77,33.85,22.38,70.42,46.0,0.2028,235.01,0.0
24.0,62.0,10.0,1.0,0.0,11.0,16.65,19.7,9.569,6.46,0.0,80.26,11.75,7.99,83.73,87.0,0.1111,69.27,0.0
46.0,180.0,21.0975,0.0,0.0,18.0,40.91,45.91,7.667,11.99,0.0,51.39,27.51,21.1,83.27,60.0,0.2534,176.76,1.0
28.0,103.0,21.0975,1.0,0.0,12.0,24.69,37.31,9.068,15.41,0.0,72.2,27.5,0.3,69.42,50.0,0.1799,114.97,0.0
37.0,137.0,21.0975,1.0,0.0,18.0,29.65,33.23,8.119,11.4,0.0,42.19,35.44,22.36,80.09,61.0,0.3702,149.9,0.0
43.0,19.0,5.0,0.0,0.0,14.0,9.79,12.75,10.395,7.72,0.0,56.51,22.13,21.36,63.17,75.0,0.0803,28.58,0.0
42.0,34.0,5.0,0.0,0.0,9.0,12.05,15.97,10.836,8.68,0.0,67.71,14.83,17.46,80.11,82.0,0.4651,36.82,0.0
35.0,174.0,21.0975,1.0,2.0,16.0,37.56,49.89,7.892,9.37,0.0,42.07,36.06,21.86,76.3,26.0,0.2138,154.87,1.0
25.0,130.0,21.0975,0.0,0.0,11.0,21.26,27.77,10.723,12.91,0.0,59.7,20.89,19.4,62.74,49.0,0.1931,153.99,0.0
35.0,293.0,42.195,0.0,0.0,17.0,32.29,36.38,9.799,12.95,1.0,59.63,27.31,13.06,76.95,74.0,0.1971,274.54,0.0
48.0,135.0,21.0975,0.0,1.0,18.0,32.06,41.17,9.177,10.59,0.0,50.99,40.99,8.02,81.89,72.0,0.2635,154.73,0.0
27.0,264.0,42.195,2.0,1.0,18.0,41.09,46.15,7.995,12.89,3.0,43.04,42.81,14.15,79.61,52.0,0.1178,233.24,1.0
42.0,96.0,21.0975,2.0,0.0,19.0,19.09,25.45,9.882,14.16,0.0,77.73,14.68,7.59,89.93,83.0,0.3315,116.24,0.0
43.0,63.0,10.0,0.0,0.0,12.0,24.55,33.08,11.404,11.36,0.0,68.05,31.16,0.79,56.49,87.0,0.2622,70.99,0.0
51.0,136.0,21.0975,0.0,0.0,19.0,23.26,26.44,11.081,8.07,0.0,72.2,7.8,20.0,69.76,82.0,0.0706,157.11,0.0
54.0,416.0,42.195,1.0,0.0,18.0,57.49,64.06,6.5,20.02,2.0,67.13,30.03,2.84,91.46,57.0,0.2459,280.88,1.0
55.0,42.0,5.0,0.0,0.0,13.0,16.6,21.41,10.643,6.82,0.0,75.84,14.99,9.17,94.35,71.0,0.1948,42.97,1.0
37.0,132.0,21.0975,0.0,1.0,16.0,41.17,48.72,10.541,12.86,0.0,12.62,71.56,15.82,79.27,56.0,0.1935,151.94,0.0
47.0,90.0,10.0,2.0,0.0,16.0,17.36,27.2,8.099,11.54,0.0,67.3,18.48,14.22,85.54,52.0,0.3599,84.16,1.0
45.0,194.0,42.195,1.0,0.0,15.0,22.54,30.36,8.872,19.55,2.0,50.21,26.17,23.62,93.5,36.0,0.1561,241.4,0.0
37.0,403.0,42.195,1.0,1.0,14.0,31.82,41.41,8.974,18.29,0.0,77.06,10.26,12.68,73.48,31.0,0.1272,318.11,1.0
51.0,193.0,42.195,0.0,0.0,13.0,29.74,37.42,9.823,20.02,2.0,43.53,32.02,24.45,95.66,50.0,0.0538,218.0,0.0
23.0,195.0,21.0975,0.0,0.0,20.0,25.84,37.7,8.702,10.97,0.0,43.75,39.55,16.7,77.26,65.0,0.0878,195.92,1.0
36.0,64.0,10.0,1.0,0.0,13.0,15.41,19.24,9.485,10.08,0.0,70.24,21.88,7.88,94.04,74.0,0.1951,70.65,0.0
47.0,123.0,21.0975,1.0,0.0,16.0,33.09,38.12,9.107,8.72,0.0,53.01,26.78,20.21,76.18,89.0,0.2712,143.95,0.0
31.0,23.0,5.0,0.0,2.0,7.0,9.86,15.22,10.909,4.09,0.0,71.78,27.54,0.68,69.41,90.0,0.256,29.99,0.0
32.0,395.0,42.195,0.0,2.0,22.0,45.62,62.23,9.37,13.65,2.0,83.86,6.0,10.13,66.26,87.0,0.3646,323.25,1.0
27.0,45.0,5.0,0.0,1.0,12.0,11.39,14.45,10.075,5.99,0.0,40.11,52.68,7.21,93.45,76.0,0.0746,48.74,1.0
51.0,45.0,5.0,0.0,0.0,14.0,9.16,12.02,10.189,5.33,0.0,60.77,25.09,14.14,67.29,80.0,0.222,43.32,1.0
45.0,114.0,21.0975,2.0,0.0,10.0,24.79,33.83,8.891,9.29,0.0,56.51,25.1,18.39,92.66,77.0,0.2039,145.68,0.0
35.0,123.0,21.0975,1.0,0.0,19.0,21.33,28.92,9.513,15.0,0.0,53.5,28.02,18.47,93.54,24.0,0.2422,141.4,0.0
22.0,24.0,5.0,1.0,0.0,11.0,12.68,15.12,8.622,6.77,0.0,66.3,13.13,20.57,80.73,78.0,0.1578,28.69,0.0
54.0,21.0,5.0,0.0,2.0,9.0,20.04,24.35,10.407,7.74,0.0,63.19,16.09,20.73,63.12,38.0,0.1329,30.13,0.0
36.0,38.0,5.0,1.0,1.0,14.0,23.58,28.59,8.073,5.09,0.0,56.31,31.06,12.62,71.11,88.0,0.209,47.12,0.0
42.0,269.0,42.195,0.0,0.0,15.0,46.24,65.24,7.817,14.1,3.0,69.84,21.22,8.94,92.48,88.0,0.1063,215.39,1.0
26.0,21.0,5.0,0.0,0.0,11.0,20.8,27.85,10.533,6.66,0.0,78.22,19.02,2.76,91.1,44.0,0.0968,29.64,0.0
25.0,270.0,42.195,0.0,2.0,21.0,34.24,45.38,10.099,18.73,0.0,94.94,1.16,3.91,98.78,71.0,0.0872,251.05,1.0
39.0,27.0,5.0,1.0,2.0,13.0,8.95,13.26,10.228,6.85,0.0,67.98,13.25,18.77,92.17,60.0,0.1312,34.62,0.0
43.0,208.0,42.195,0.0,2.0,24.0,42.8,60.57,9.096,17.19,3.0,76.5,14.3,9.21,82.28,23.0,0.1735,235.19,0.0
48.0,78.0,10.0,1.0,0.0,16.0,24.35,28.23,8.553,7.49,0.0,82.27,16.21,1.52,87.29,24.0,0.0692,75.43,1.0
42.0,391.0,42.195,1.0,0.0,15.0,38.0,40.96,8.965,12.47,0.0,88.93,5.72,5.35,59.07,62.0,0.1174,317.63,1.0
44.0,95.0,21.0975,0.0,0.0,18.0,15.81,21.06,10.152,13.51,0.0,71.52,23.08,5.4,72.17,91.0,0.0546,121.9,0.0
22.0,175.0,21.0975,1.0,1.0,10.0,34.7,48.68,7.166,9.67,0.0,31.3,61.16,7.54,57.33,42.0,0.1682,163.09,1.0
33.0,212.0,42.195,1.0,2.0,14.0,30.15,38.28,8.502,15.87,3.0,89.81,1.55,8.64,82.29,54.0,0.1423,210.28,1.0
50.0,92.0,10.0,1.0,0.0,8.0,26.71,32.96,9.329,10.64,0.0,64.04,19.91,16.05,76.11,89.0,0.2089,88.38,1.0
31.0,32.0,5.0,0.0,1.0,10.0,20.08,24.94,11.345,7.25,0.0,36.81,43.15,20.04,81.91,63.0,0.0874,41.59,0.0
31.0,327.0,42.195,2.0,0.0,21.0,38.3,54.02,7.557,21.1,1.0,60.26,23.98,15.76,98.29,87.0,0.4316,250.71,1.0
54.0,73.0,10.0,0.0,1.0,8.0,26.23,30.47,9.946,6.11,0.0,21.05,55.28,23.67,92.37,75.0,0.1053,82.79,0.0
32.0,367.0,42.195,2.0,0.0,16.0,39.91,48.75,7.599,17.37,3.0,78.43,17.07,4.5,73.99,74.0,0.2647,266.49,1.0
31.0,79.0,10.0,0.0,2.0,13.0,19.48,26.75,11.093,7.74,0.0,73.37,14.81,11.83,88.38,66.0,0.1345,86.07,1.0
54.0,70.0,10.0,1.0,0.0,8.0,15.11,19.95,10.044,6.08,0.0,60.45,19.93,19.62,68.37,91.0,0.2379,73.76,0.0
29.0,201.0,21.0975,1.0,0.0,15.0,36.62,42.1,9.405,14.6,0.0,94.01,1.03,4.96,84.93,23.0,0.0725,181.56,1.0
43.0,305.0,42.195,1.0,0.0,16.0,36.23,43.44,8.332,16.34,4.0,58.99,21.02,19.99,99.76,83.0,0.0758,255.15,1.0
53.0,156.0,21.0975,0.0,0.0,16.0,22.15,29.88,9.796,9.53,0.0,66.16,25.11,8.74,79.94,33.0,0.1342,152.58,1.0
49.0,209.0,42.195,2.0,0.0,17.0,25.63,32.05,7.447,12.5,3.0,32.96,43.28,23.76,99.78,49.0,0.1359,229.15,0.0
55.0,62.0,10.0,1.0,0.0,10.0,23.49,36.43,6.974,11.72,0.0,66.48,17.77,15.76,71.06,64.0,0.1779,61.96,1.0
45.0,187.0,42.195,1.0,0.0,24.0,37.42,51.86,7.564,15.76,2.0,58.84,34.47,6.69,79.8,51.0,0.1654,205.18,0.0
47.0,105.0,21.0975,1.0,2.0,10.0,30.78,40.55,8.479,9.33,0.0,64.26,33.8,1.95,63.23,38.0,0.1455,132.29,0.0
32.0,181.0,21.0975,0.0,0.0,12.0,20.61,28.46,12.222,14.11,0.0,89.03,5.33,5.64,89.28,61.0,0.1832,167.39,1.0
31.0,187.0,21.0975,0.0,0.0,10.0,24.32,28.93,11.038,13.61,0.0,71.86,12.48,15.66,64.67,22.0,0.0724,183.57,1.0
51.0,122.0,21.0975,0.0,0.0,16.0,23.93,26.26,12.547,8.86,0.0,46.22,29.87,23.91,97.9,63.0,0.1645,141.77,0.0
55.0,156.0,21.0975,0.0,0.0,16.0,21.37,26.82,9.747,9.68,0.0,71.49,10.83,17.68,99.64,74.0,0.3995,161.57,1.0
28.0,111.0,21.0975,1.0,0.0,20.0,21.16,29.08,9.282,14.84,0.0,85.91,12.18,1.9,71.52,37.0,0.0634,127.78,0.0
42.0,184.0,21.0975,0.0,2.0,16.0,29.76,32.71,10.716,15.17,0.0,59.24,30.17,10.59,81.56,77.0,0.0945,185.45,0.0
28.0,41.0,5.0,0.0,0.0,9.0,17.2,23.38,10.089,4.37,0.0,77.37,17.42,5.21,85.17,45.0,0.1047,42.26,1.0
44.0,240.0,42.195,0.0,0.0,18.0,31.8,40.85,10.786,12.81,4.0,55.97,26.68,17.35,73.9,25.0,0.4053,270.42,0.0
32.0,204.0,21.0975,2.0,0.0,18.0,23.08,32.36,7.564,15.97,0.0,46.29,29.91,23.8,84.26,86.0,0.1158,179.6,0.0
42.0,88.0,10.0,0.0,0.0,16.0,23.83,35.03,10.599,7.04,0.0,61.44,29.41,9.14,74.13,74.0,0.3354,91.99,1.0
55.0,73.0,10.0,0.0,1.0,12.0,18.1,20.84,10.694,11.45,0.0,64.16,20.25,15.6,77.87,89.0,0.3156,82.31,0.0
41.0,29.0,5.0,2.0,1.0,6.0,16.08,23.65,8.227,8.67,0.0,42.83,45.44,11.72,74.0,88.0,0.2673,36.46,0.0
22.0,323.0,42.195,1.0,0.0,18.0,28.1,38.68,8.807,14.97,2.0,56.69,25.08,18.22,64.83,38.0,0.193,251.73,1.0
37.0,95.0,21.0975,1.0,0.0,18.0,31.68,39.18,8.179,9.91,0.0,57.11,22.3,20.59,73.19,83.0,0.1935,109.71,0.0
36.0,325.0,42.195,1.0,0.0,13.0,29.99,32.66,9.792,17.49,3.0,63.02,30.36,6.62,91.39,83.0,0.2181,264.92,1.0
23.0,22.0,5.0,1.0,0.0,10.0,16.27,26.13,10.85,8.44,0.0,46.44,29.8,23.76,79.48,47.0,0.0672,28.47,0.0
44.0,22.0,5.0,2.0,0.0,7.0,9.64,11.01,9.263,8.04,0.0,48.2,34.9,16.9,68.44,42.0,0.1575,28.74,0.0
47.0,29.0,5.0,2.0,0.0,14.0,11.0,13.8,9.128,6.18,0.0,63.61,17.4,18.99,79.07,61.0,0.2142,31.1,0.0
37.0,167.0,21.0975,0.0,0.0,16.0,36.63,44.13,9.124,9.61,0.0,84.84,0.57,14.59,79.92,64.0,0.163,165.84,1.0
51.0,206.0,42.195,1.0,0.0,15.0,42.84,56.37,7.344,12.09,2.0,68.6,20.58,10.82,76.38,63.0,0.2156,179.18,1.0
55.0,55.0,10.0,2.0,0.0,12.0,19.27,22.2,8.513,8.77,0.0,83.06,4.43,12.52,85.99,43.0,0.1391,65.1,0.0
36.0,26.0,5.0,0.0,2.0,8.0,16.97,27.2,9.967,6.3,0.0,65.65,25.04,9.31,79.18,64.0,0.185,33.53,0.0
38.0,91.0,10.0,1.0,0.0,15.0,15.43,21.89,10.133,8.33,0.0,63.33,17.67,19.0,76.24,75.0,0.3417,87.24,1.0
46.0,178.0,21.0975,0.0,1.0,15.0,20.62,29.78,11.202,9.01,0.0,68.42,25.9,5.68,92.66,71.0,0.266,186.18,1.0
52.0,59.0,10.0,0.0,0.0,15.0,16.48,25.37,10.582,6.76,0.0,83.46,11.41,5.13,77.5,40.0,0.0808,67.1,0.0
50.0,22.0,5.0,0.0,1.0,7.0,20.84,29.74,10.475,5.38,0.0,60.0,34.65,5.36,65.86,77.0,0.1139,33.15,0.0
39.0,24.0,5.0,2.0,0.0,14.0,21.98,29.68,7.371,5.88,0.0,66.12,17.22,16.66,90.56,53.0,0.1725,31.39,0.0
31.0,80.0,10.0,1.0,0.0,15.0,18.02,27.62,9.495,7.67,0.0,74.87,5.99,19.14,63.33,40.0,0.5843,80.32,1.0
42.0,124.0,21.0975,0.0,0.0,15.0,14.9,22.25,9.356,12.59,0.0,59.32,33.37,7.31,78.8,32.0,0.2833,131.08,1.0
27.0,66.0,10.0,0.0,0.0,11.0,16.1,20.28,11.288,10.56,0.0,74.7,23.15,2.15,97.47,30.0,0.1909,72.67,1.0
40.0,19.0,5.0,2.0,0.0,10.0,18.25,22.76,7.754,7.52,0.0,58.2,40.51,1.29,90.02,31.0,0.0394,26.41,1.0
32.0,354.0,42.195,1.0,0.0,22.0,43.48,57.73,8.555,14.24,4.0,89.79,1.97,8.24,94.25,48.0,0.2431,263.93,1.0
50.0,54.0,10.0,2.0,0.0,8.0,14.95,22.89,7.833,9.96,0.0,48.9,29.1,22.0,66.62,46.0,0.1989,63.32,0.0
46.0,33.0,5.0,0.0,0.0,6.0,6.62,10.4,11.087,6.8,0.0,54.16,25.62,20.22,84.5,37.0,0.1737,35.3,1.0
36.0,419.0,42.195,0.0,1.0,24.0,49.9,62.16,8.636,12.88,3.0,40.05,44.29,15.67,68.85,76.0,0.0666,323.7,1.0
30.0,152.0,21.0975,2.0,2.0,17.0,24.67,31.06,8.201,15.36,0.0,47.69,30.15,22.16,81.71,34.0,0.1012,152.58,1.0
31.0,361.0,42.195,0.0,2.0,19.0,33.25,45.92,10.751,13.95,3.0,65.26,32.77,1.97,63.9,76.0,0.166,308.29,1.0
55.0,66.0,10.0,1.0,0.0,12.0,18.96,27.2,8.842,9.77,0.0,57.54,26.05,16.41,83.32,40.0,0.3006,75.24,0.0
27.0,107.0,21.0975,0.0,2.0,15.0,37.38,41.02,9.925,14.77,0.0,53.23,24.6,22.17,94.88,79.0,0.1692,122.56,0.0
32.0,134.0,21.0975,1.0,0.0,16.0,27.9,35.77,8.915,14.81,0.0,60.61,31.4,7.99,90.35,75.0,0.4475,151.88,0.0
53.0,28.0,5.0,2.0,0.0,10.0,13.92,18.69,6.5,4.19,0.0,65.8,30.2,4.0,86.37,64.0,0.2339,32.4,0.0
47.0,163.0,21.0975,1.0,0.0,12.0,25.91,32.9,8.318,11.62,0.0,75.73,6.15,18.12,83.51,84.0,0.4712,177.23,0.0
52.0,98.0,21.0975,0.0,2.0,19.0,29.44,39.85,9.408,15.98,0.0,53.55,32.64,13.81,85.43,69.0,0.2692,125.34,0.0
39.0,151.0,21.0975,0.0,0.0,14.0,22.29,29.15,11.306,10.4,0.0,67.84,28.05,4.11,81.52,48.0,0.0869,161.44,1.0
25.0,83.0,10.0,0.0,1.0,14.0,29.1,33.5,10.901,6.54,0.0,47.47,42.72,9.81,68.0,28.0,0.1426,92.32,0.0
53.0,36.0,5.0,0.0,0.0,6.0,8.32,10.76,10.568,5.43,0.0,60.43,22.41,17.16,82.81,91.0,0.0918,42.92,0.0
24.0,213.0,42.195,0.0,0.0,24.0,23.13,28.45,10.893,20.61,4.0,58.0,19.66,22.34,100.0,40.0,0.0351,234.56,0.0
51.0,21.0,5.0,0.0,0.0,10.0,21.25,26.36,10.732,7.62,0.0,53.25,40.03,6.72,81.16,54.0,0.2636,26.72,0.0
27.0,335.0,42.195,2.0,0.0,13.0,34.54,37.36,7.924,21.4,2.0,61.71,32.6,5.7,89.6,81.0,0.2876,267.36,1.0
31.0,39.0,5.0,2.0,0.0,12.0,21.27,27.72,7.281,7.67,0.0,80.95,18.74,0.32,79.55,88.0,0.1756,40.19,1.0
47.0,381.0,42.195,0.0,0.0,22.0,25.16,30.48,11.017,16.87,1.0,70.54,11.39,18.07,73.76,28.0,0.1018,316.34,1.0
38.0,160.0,21.0975,0.0,0.0,10.0,25.01,35.24,9.975,14.38,0.0,75.13,17.43,7.44,73.58,82.0,0.2286,144.91,1.0
27.0,180.0,21.0975,0.0,1.0,10.0,15.75,23.73,10.261,15.3,0.0,23.45,57.9,18.65,93.16,39.0,0.1649,180.73,1.0
36.0,289.0,42.195,0.0,0.0,15.0,49.1,69.78,7.054,20.64,3.0,73.17,14.08,12.75,87.03,75.0,0.0766,216.72,1.0
45.0,20.0,5.0,1.0,2.0,13.0,10.82,15.85,9.742,5.63,0.0,93.78,0.0,6.22,88.17,22.0,0.2154,27.03,0.0
34.0,58.0,10.0,2.0,2.0,12.0,18.36,26.23,7.347,9.09,0.0,44.57,32.43,23.0,85.38,90.0,0.5163,68.35,0.0
25.0,38.0,5.0,2.0,0.0,10.0,14.31,18.74,7.482,6.63,0.0,88.21,4.71,7.08,87.95,73.0,0.2061,39.46,1.0
30.0,249.0,42.195,0.0,1.0,18.0,28.86,31.57,11.687,13.64,1.0,23.37,69.96,6.67,71.01,40.0,0.4049,287.9,0.0
44.0,214.0,42.195,0.0,0.0,22.0,29.72,33.08,10.675,12.81,2.0,51.4,35.88,12.72,96.74,65.0,0.2809,260.08,0.0
52.0,37.0,5.0,0.0,1.0,11.0,19.08,23.82,9.04,5.77,0.0,69.94,21.08,8.98,89.58,54.0,0.0727,46.71,0.0
47.0,80.0,10.0,0.0,0.0,16.0,22.78,29.82,10.358,7.59,0.0,70.87,14.89,14.24,57.2,42.0,0.2092,83.57,1.0
30.0,43.0,5.0,2.0,1.0,9.0,19.17,25.84,7.484,8.73,0.0,59.52,32.52,7.96,66.7,88.0,0.413,43.39,1.0
24.0,148.0,21.0975,1.0,0.0,20.0,40.9,46.49,7.979,13.96,0.0,87.04,0.0,12.96,88.12,57.0,0.3594,151.77,1.0
27.0,46.0,10.0,1.0,0.0,9.0,25.63,37.87,9.238,10.17,0.0,56.52,35.34,8.14,100.0,38.0,0.0553,58.86,0.0
44.0,268.0,42.195,0.0,0.0,21.0,39.09,46.37,9.254,13.25,2.0,47.71,43.86,8.43,87.33,65.0,0.2084,268.75,1.0
28.0,136.0,21.0975,1.0,0.0,15.0,17.31,26.12,9.711,15.55,0.0,71.61,21.5,6.89,76.33,30.0,0.1523,136.51,1.0
30.0,182.0,42.195,0.0,0.0,21.0,53.38,66.16,8.084,20.9,1.0,64.97,10.83,24.2,79.63,72.0,0.0408,184.17,1.0
36.0,27.0,5.0,1.0,0.0,8.0,22.08,28.43,8.542,7.13,0.0,70.0,20.62,9.38,100.0,34.0,0.1536,31.29,0.0
41.0,121.0,21.0975,1.0,2.0,11.0,29.93,37.55,7.865,12.98,0.0,67.3,27.57,5.12,73.55,83.0,0.2057,133.51,0.0
54.0,181.0,21.0975,0.0,1.0,19.0,37.31,43.82,10.529,11.9,0.0,10.16,66.58,23.26,73.05,80.0,0.1858,184.89,1.0
27.0,24.0,5.0,2.0,0.0,11.0,22.19,26.91,7.04,4.53,0.0,51.58,42.29,6.13,84.47,81.0,0.1128,30.74,1.0
43.0,123.0,21.0975,0.0,0.0,12.0,17.16,21.41,11.709,12.5,0.0,67.3,32.11,0.59,83.53,26.0,0.1912,154.04,0.0
53.0,292.0,42.195,0.0,0.0,18.0,44.94,64.79,8.094,14.4,3.0,70.77,18.98,10.26,53.36,65.0,0.1864,233.67,1.0
32.0,201.0,21.0975,1.0,0.0,16.0,32.09,44.26,7.941,15.65,0.0,74.41,11.96,13.63,80.36,63.0,0.2274,194.89,1.0
34.0,99.0,21.0975,1.0,0.0,16.0,21.75,32.06,8.534,9.28,0.0,50.41,35.99,13.6,81.87,64.0,0.2479,126.25,0.0
31.0,402.0,42.195,0.0,0.0,22.0,48.42,68.44,7.411,17.68,2.0,67.45,16.34,16.22,64.43,35.0,0.3928,298.52,1.0
48.0,26.0,5.0,1.0,0.0,9.0,15.47,19.99,10.334,6.17,0.0,64.63,13.45,21.92,76.89,82.0,0.3706,31.79,0.0
45.0,116.0,21.0975,1.0,2.0,10.0,21.86,29.13,9.654,13.0,0.0,77.03,3.46,19.51,71.93,31.0,0.0834,143.39,0.0
27.0,23.0,5.0,0.0,1.0,11.0,21.32,27.59,11.825,7.07,0.0,51.25,45.41,3.34,89.99,47.0,0.2487,34.21,1.0
36.0,73.0,10.0,0.0,2.0,15.0,15.16,22.71,11.615,11.99,0.0,59.09,26.77,14.14,86.22,61.0,0.2358,82.23,0.0
46.0,209.0,21.0975,0.0,0.0,15.0,15.87,23.39,10.675,12.07,0.0,84.87,4.81,10.32,78.19,80.0,0.1631,200.09,1.0
23.0,23.0,5.0,0.0,1.0,11.0,23.5,29.42,9.589,6.06,0.0,31.64,48.57,19.79,77.1,82.0,0.0524,35.54,0.0
50.0,241.0,42.195,2.0,0.0,18.0,28.83,35.68,7.879,15.33,0.0,49.6,32.38,18.02,68.42,51.0,0.5335,251.44,0.0
39.0,23.0,5.0,1.0,0.0,13.0,12.26,16.81,9.229,6.57,0.0,67.69,20.27,12.04,84.62,89.0,0.4625,29.33,0.0
31.0,49.0,10.0,1.0,0.0,16.0,14.48,21.03,9.157,10.81,0.0,71.91,3.63,24.46,94.26,40.0,0.2603,64.08,1.0
24.0,85.0,10.0,1.0,0.0,10.0,28.02,31.59,8.327,8.85,0.0,51.5,32.96,15.54,70.4,80.0,0.0512,84.12,1.0
38.0,132.0,21.0975,2.0,2.0,12.0,25.79,33.74,8.197,8.63,0.0,60.55,14.69,24.76,100.0,76.0,0.381,144.99,0.0
39.0,201.0,21.0975,1.0,0.0,13.0,27.41,30.25,9.459,10.02,0.0,76.78,14.11,9.11,80.21,90.0,0.1315,185.25,1.0
30.0,206.0,21.0975,1.0,2.0,13.0,27.13,32.71,8.205,9.83,0.0,74.58,17.92,7.51,56.69,77.0,0.1124,174.79,1.0
46.0,224.0,42.195,0.0,2.0,17.0,29.02,40.58,9.46,18.85,0.0,76.74,14.1,9.15,91.31,29.0,0.2185,255.13,0.0
47.0,302.0,42.195,0.0,0.0,23.0,51.98,63.02,6.5,18.21,1.0,75.9,7.47,16.63,100.0,37.0,0.2051,219.98,1.0
42.0,37.0,5.0,1.0,0.0,6.0,16.11,26.6,9.447,6.28,0.0,62.93,35.21,1.87,77.73,57.0,0.2552,36.72,1.0
48.0,170.0,21.0975,0.0,1.0,12.0,24.41,28.75,11.669,13.13,0.0,28.91,50.67,20.42,83.64,26.0,0.1223,186.49,1.0
46.0,90.0,10.0,1.0,0.0,13.0,14.64,16.64,10.49,6.91,0.0,75.92,15.96,8.12,74.03,43.0,0.1903,90.13,1.0
22.0,205.0,42.195,0.0,2.0,14.0,48.7,67.9,7.945,19.69,0.0,68.33,12.34,19.33,81.18,51.0,0.1833,214.76,1.0
24.0,65.0,10.0,1.0,0.0,8.0,15.83,23.04,8.613,11.57,0.0,55.94,20.01,24.05,90.14,37.0,0.2334,66.15,1.0
35.0,137.0,21.0975,1.0,0.0,11.0,34.31,43.03,8.074,9.04,0.0,72.12,7.17,20.71,99.36,21.0,0.2368,134.9,1.0
25.0,121.0,21.0975,2.0,1.0,14.0,31.73,35.2,7.65,11.16,0.0,19.28,61.81,18.91,86.84,44.0,0.2803,137.75,0.0
40.0,172.0,21.0975,2.0,0.0,20.0,39.68,49.43,6.5,15.36,0.0,79.32,20.01,0.68,87.8,74.0,0.0576,159.45,1.0
27.0,168.0,21.0975,2.0,0.0,15.0,40.32,43.97,6.701,10.88,0.0,44.84,32.37,22.79,87.3,39.0,0.201,150.93,1.0
25.0,61.0,10.0,1.0,2.0,13.0,23.08,34.14,8.053,10.07,0.0,52.56,43.05,4.4,97.78,81.0,0.1847,70.97,0.0
44.0,331.0,42.195,1.0,0.0,21.0,38.7,51.74,8.477,20.99,4.0,72.55,14.08,13.38,94.19,81.0,0.0795,265.19,1.0
30.0,210.0,21.0975,2.0,0.0,10.0,35.61,41.95,6.59,9.42,0.0,47.84,34.28,17.88,86.92,57.0,0.0894,173.43,1.0
47.0,198.0,21.0975,2.0,0.0,10.0,17.85,24.85,8.294,15.08,0.0,75.08,6.06,18.86,81.32,55.0,0.1543,179.4,1.0
33.0,157.0,21.0975,0.0,0.0,11.0,27.26,39.55,9.896,11.58,0.0,33.91,42.51,23.57,89.77,63.0,0.3981,172.0,0.0
49.0,131.0,21.0975,0.0,0.0,17.0,21.12,29.04,10.201,15.84,0.0,85.46,14.35,0.19,90.9,24.0,0.3134,142.21,1.0
34.0,255.0,42.195,1.0,0.0,13.0,55.19,61.88,7.701,20.49,1.0,70.44,28.26,1.3,90.01,82.0,0.485,214.26,1.0
38.0,418.0,42.195,0.0,0.0,19.0,51.29,58.07,8.093,19.93,4.0,49.82,26.95,23.24,87.54,31.0,0.3452,274.64,1.0
34.0,190.0,42.195,0.0,0.0,20.0,41.81,51.33,8.33,20.31,4.0,90.2,0.0,9.8,78.56,87.0,0.183,202.51,0.0
55.0,20.0,5.0,0.0,1.0,14.0,6.84,11.23,10.498,4.79,0.0,45.01,49.22,5.77,82.74,30.0,0.2864,32.16,0.0
51.0,48.0,10.0,0.0,0.0,15.0,12.6,15.34,11.977,6.48,0.0,41.45,42.55,16.01,56.09,45.0,0.2919,61.19,0.0
43.0,223.0,42.195,1.0,0.0,21.0,29.87,40.06,8.8,13.83,4.0,65.7,12.58,21.72,74.9,60.0,0.0947,252.45,0.0
38.0,184.0,21.0975,0.0,0.0,14.0,27.46,40.39,9.119,15.92,0.0,64.11,28.62,7.27,78.31,31.0,0.3476,165.13,1.0
26.0,64.0,10.0,1.0,0.0,15.0,18.79,26.16,8.236,11.44,0.0,46.29,30.3,23.41,79.95,61.0,0.1833,69.05,1.0
33.0,119.0,21.0975,0.0,0.0,12.0,21.06,28.31,11.768,12.79,0.0,85.44,14.01,0.55,69.92,35.0,0.0743,138.74,0.0
49.0,142.0,21.0975,0.0,0.0,10.0,32.61,43.44,9.835,15.8,0.0,69.74,22.62,7.64,89.92,89.0,0.1195,144.76,1.0
49.0,169.0,21.0975,0.0,0.0,11.0,34.95,43.28,9.024,11.6,0.0,85.66,8.33,6.01,54.99,43.0,0.0723,163.08,1.0
34.0,32.0,5.0,0.0,0.0,8.0,21.06,29.29,8.985,4.11,0.0,74.34,14.26,11.4,71.0,54.0,0.1324,34.97,1.0
52.0,308.0,42.195,0.0,0.0,22.0,33.7,37.04,12.024,15.51,4.0,66.73,10.68,22.59,71.77,80.0,0.0205,316.25,1.0
51.0,106.0,21.0975,1.0,0.0,16.0,13.61,20.49,10.749,12.0,0.0,61.16,19.01,19.83,65.47,32.0,0.1125,134.48,0.0
53.0,198.0,21.0975,1.0,0.0,16.0,33.28,37.68,9.296,12.89,0.0,52.38,43.49,4.13,72.7,34.0,0.0658,174.75,1.0
28.0,27.0,5.0,2.0,0.0,12.0,24.19,28.12,7.336,7.74,0.0,77.15,9.84,13.0,85.49,61.0,0.226,33.4,0.0
35.0,61.0,10.0,1.0,0.0,14.0,20.3,29.54,7.51,11.61,0.0,80.5,3.58,15.92,69.06,61.0,0.1081,63.09,1.0
49.0,249.0,42.195,0.0,2.0,19.0,40.22,57.22,9.234,18.41,1.0,62.84,28.1,9.05,90.28,70.0,0.0242,233.93,1.0
46.0,103.0,21.0975,0.0,0.0,20.0,36.18,42.8,10.212,15.73,0.0,79.55,18.21,2.24,91.14,67.0,0.1824,124.26,0.0
26.0,43.0,5.0,2.0,0.0,12.0,13.32,16.12,8.917,7.33,0.0,82.3,0.0,17.7,100.0,90.0,0.2495,44.0,1.0
40.0,40.0,5.0,1.0,1.0,12.0,14.95,22.53,9.484,5.58,0.0,41.85,50.41,7.74,80.81,74.0,0.327,44.94,0.0
35.0,143.0,21.0975,1.0,0.0,13.0,20.25,22.58,9.745,10.68,0.0,84.79,9.43,5.78,100.0,37.0,0.2611,149.16,1.0
36.0,66.0,10.0,0.0,0.0,8.0,14.74,22.28,9.442,8.19,0.0,73.13,10.25,16.62,100.0,86.0,0.0794,70.91,1.0
46.0,198.0,21.0975,0.0,0.0,13.0,31.15,35.76,9.102,9.5,0.0,57.39,27.93,14.68,79.05,29.0,0.1781,189.59,0.0
33.0,344.0,42.195,1.0,1.0,22.0,48.71,52.47,8.103,13.79,3.0,30.79,54.0,15.21,85.05,26.0,0.0362,281.91,1.0
53.0,197.0,21.0975,1.0,0.0,12.0,28.95,35.75,8.378,8.79,0.0,73.64,17.32,9.04,82.11,82.0,0.0831,184.79,1.0
31.0,20.0,5.0,0.0,1.0,11.0,19.67,22.81,9.419,7.35,0.0,48.46,45.73,5.81,70.9,22.0,0.0768,31.29,0.0
42.0,84.0,10.0,1.0,0.0,15.0,22.64,27.79,8.625,11.67,0.0,66.11,23.17,10.72,74.68,72.0,0.119,80.91,1.0
29.0,156.0,21.0975,0.0,0.0,11.0,41.72,48.16,8.382,14.6,0.0,82.39,0.0,17.61,65.96,80.0,0.1609,150.22,1.0
27.0,27.0,5.0,1.0,0.0,13.0,20.94,28.95,8.174,8.56,0.0,69.33,27.99,2.68,67.67,80.0,0.3825,32.4,0.0
33.0,44.0,10.0,0.0,1.0,12.0,16.2,21.91,10.278,9.16,0.0,13.14,65.11,21.76,68.88,36.0,0.3522,63.47,1.0
44.0,132.0,21.0975,2.0,0.0,17.0,20.24,28.89,8.544,13.56,0.0,78.61,0.0,21.39,100.0,61.0,0.1769,135.83,1.0
53.0,33.0,5.0,0.0,0.0,6.0,13.85,18.42,8.981,8.07,0.0,57.65,23.44,18.91,80.49,21.0,0.2088,35.28,1.0
25.0,126.0,21.0975,1.0,0.0,20.0,29.66,36.49,8.393,11.22,0.0,56.27,21.8,21.94,74.46,60.0,0.3527,129.13,1.0
49.0,93.0,10.0,0.0,0.0,11.0,21.73,25.22,9.506,11.39,0.0,84.29,4.14,11.57,78.87,88.0,0.4977,84.99,1.0
30.0,213.0,42.195,2.0,1.0,14.0,28.81,33.87,7.704,13.07,0.0,67.48,32.39,0.13,62.88,74.0,0.0476,274.5,0.0
40.0,91.0,10.0,1.0,0.0,14.0,25.84,30.78,7.905,6.4,0.0,69.46,8.0,22.54,78.52,64.0,0.299,87.74,1.0
22.0,275.0,42.195,0.0,0.0,16.0,35.1,50.14,8.35,15.44,0.0,53.22,27.76,19.01,79.01,37.0,0.276,254.5,1.0
34.0,37.0,5.0,1.0,1.0,14.0,14.63,17.33,9.788,6.91,0.0,29.63,53.32,17.05,61.89,63.0,0.0487,46.25,0.0
53.0,191.0,21.0975,0.0,0.0,14.0,35.65,46.74,9.432,15.4,0.0,72.55,7.9,19.55,70.75,32.0,0.0743,171.15,1.0
22.0,188.0,21.0975,1.0,0.0,16.0,23.3,33.39,8.828,8.67,0.0,81.64,14.63,3.73,76.79,28.0,0.359,181.56,1.0
49.0,134.0,21.0975,0.0,0.0,14.0,33.16,38.09,9.531,11.3,0.0,45.19,43.38,11.43,85.27,49.0,0.136,143.7,1.0
42.0,39.0,5.0,0.0,0.0,12.0,16.95,21.75,9.604,4.95,0.0,66.62,28.84,4.54,100.0,56.0,0.4158,40.67,0.0
33.0,183.0,42.195,1.0,1.0,24.0,58.04,62.63,6.5,18.53,3.0,42.42,42.83,14.74,84.74,81.0,0.1098,159.59,1.0
41.0,199.0,21.0975,0.0,0.0,14.0,26.85,40.67,10.328,12.29,0.0,67.87,24.19,7.94,70.16,61.0,0.2008,190.56,1.0
51.0,154.0,21.0975,2.0,2.0,19.0,16.32,24.69,6.927,11.5,0.0,53.07,37.59,9.34,72.92,52.0,0.1986,161.58,1.0
29.0,351.0,42.195,0.0,1.0,19.0,28.58,35.66,9.921,16.69,0.0,70.09,28.64,1.27,70.9,55.0,0.0262,321.83,1.0
37.0,44.0,10.0,1.0,0.0,12.0,13.47,16.64,9.853,7.78,0.0,73.58,18.55,7.87,91.86,39.0,0.2154,57.3,0.0
55.0,382.0,42.195,1.0,0.0,21.0,54.94,61.28,6.5,20.36,3.0,56.1,20.33,23.58,83.72,24.0,0.1156,270.36,1.0
26.0,40.0,5.0,1.0,2.0,14.0,19.25,23.42,9.302,4.58,0.0,57.22,23.21,19.57,86.91,75.0,0.0616,42.84,1.0
25.0,77.0,10.0,2.0,0.0,10.0,20.51,31.04,7.331,10.53,0.0,63.8,31.11,5.09,54.7,36.0,0.1504,78.68,1.0
51.0,277.0,42.195,2.0,0.0,20.0,46.33,53.55,8.205,15.74,0.0,61.38,31.09,7.53,81.54,74.0,0.0966,242.25,1.0
35.0,158.0,21.0975,2.0,2.0,15.0,37.4,40.91,6.751,10.63,0.0,69.59,15.34,15.07,93.95,37.0,0.4845,164.1,1.0
50.0,393.0,42.195,0.0,0.0,19.0,37.73,45.14,9.334,19.12,1.0,55.13,25.43,19.43,96.03,41.0,0.3388,308.53,1.0
25.0,41.0,5.0,0.0,0.0,6.0,18.97,28.58,10.917,6.56,0.0,69.21,28.3,2.49,73.85,61.0,0.1253,39.75,1.0
39.0,23.0,5.0,0.0,0.0,8.0,15.72,21.58,12.246,6.3,0.0,71.87,22.19,5.94,100.0,53.0,0.4263,26.33,0.0
45.0,80.0,10.0,1.0,0.0,10.0,28.99,35.29,8.823,11.46,0.0,44.62,47.58,7.79,92.13,82.0,0.2094,78.15,1.0
34.0,112.0,21.0975,0.0,0.0,17.0,21.24,27.42,10.253,12.65,0.0,73.58,26.27,0.15,87.96,32.0,0.4284,136.09,0.0
22.0,316.0,42.195,1.0,0.0,21.0,39.98,44.6,6.812,18.47,1.0,43.88,35.79,20.33,93.86,51.0,0.3204,247.82,1.0
48.0,185.0,21.0975,1.0,2.0,11.0,18.44,26.95,11.391,14.93,0.0,63.89,14.15,21.96,81.32,41.0,0.1275,180.99,1.0
42.0,324.0,42.195,2.0,0.0,12.0,40.68,58.96,6.5,20.94,3.0,68.42,23.8,7.78,86.07,67.0,0.1507,237.45,1.0
32.0,144.0,21.0975,2.0,1.0,19.0,32.02,36.35,6.754,14.59,0.0,46.96,31.39,21.64,72.63,45.0,0.3416,153.76,0.0
26.0,337.0,42.195,2.0,2.0,22.0,34.26,48.66,6.741,20.0,3.0,64.66,26.87,8.47,76.82,65.0,0.2576,202.22,1.0
52.0,18.0,5.0,0.0,0.0,10.0,14.25,21.15,10.34,5.27,0.0,57.0,22.72,20.29,90.7,64.0,0.0923,24.54,0.0
46.0,204.0,42.195,0.0,0.0,17.0,50.82,68.61,7.904,21.67,0.0,67.98,12.59,19.43,73.37,69.0,0.1974,231.57,0.0
53.0,199.0,42.195,2.0,0.0,22.0,47.94,56.63,7.052,13.4,4.0,41.34,38.58,20.08,86.2,78.0,0.1034,191.11,1.0
32.0,174.0,21.0975,2.0,0.0,20.0,33.02,40.41,6.915,9.63,0.0,82.39,7.11,10.5,65.65,67.0,0.0553,168.16,1.0
34.0,98.0,21.0975,1.0,1.0,11.0,33.89,41.23,7.554,13.4,0.0,60.39,25.63,13.98,100.0,31.0,0.0546,121.3,0.0
53.0,109.0,21.0975,2.0,0.0,11.0,28.63,35.45,7.973,8.66,0.0,94.14,1.63,4.23,96.59,73.0,0.0743,123.76,1.0
30.0,31.0,5.0,1.0,2.0,10.0,24.54,29.13,7.454,8.93,0.0,38.44,46.7,14.86,74.26,28.0,0.2337,34.61,0.0
25.0,57.0,10.0,0.0,0.0,13.0,16.63,22.29,10.509,6.23,0.0,75.64,10.49,13.87,60.58,91.0,0.2952,62.87,1.0
48.0,102.0,21.0975,2.0,2.0,16.0,17.98,25.7,6.958,14.56,0.0,67.31,24.57,8.12,84.13,65.0,0.191,131.35,1.0
52.0,20.0,5.0,2.0,0.0,12.0,20.61,25.62,6.838,8.89,0.0,67.65,11.88,20.47,99.21,54.0,0.4057,19.8,1.0
42.0,56.0,10.0,0.0,0.0,16.0,24.66,28.21,9.685,9.04,0.0,79.92,16.27,3.81,95.36,47.0,0.1491,68.05,0.0
25.0,165.0,21.0975,0.0,0.0,10.0,33.73,47.04,8.751,13.81,0.0,51.4,33.05,15.55,85.23,32.0,0.3388,167.66,1.0
50.0,45.0,10.0,1.0,2.0,8.0,22.19,26.56,9.42,7.68,0.0,72.25,25.93,1.81,99.67,81.0,0.0324,55.51,0.0
28.0,22.0,5.0,0.0,0.0,11.0,12.62,15.17,11.68,8.57,0.0,56.37,23.56,20.06,71.55,89.0,0.0907,28.2,0.0
22.0,50.0,10.0,2.0,0.0,9.0,26.36,29.71,8.14,8.04,0.0,66.72,13.26,20.02,100.0,71.0,0.0494,58.83,0.0
29.0,22.0,5.0,0.0,0.0,14.0,8.33,12.42,11.619,7.5,0.0,52.46,33.31,14.23,99.1,60.0,0.4455,29.41,0.0
42.0,154.0,21.0975,0.0,0.0,19.0,19.75,28.83,11.893,9.38,0.0,70.15,22.45,7.4,83.22,50.0,0.3187,166.81,1.0
24.0,20.0,5.0,0.0,1.0,13.0,10.5,13.68,11.906,5.19,0.0,28.78,54.15,17.07,100.0,59.0,0.2872,33.29,0.0
46.0,105.0,21.0975,0.0,0.0,11.0,39.19,43.29,9.604,15.39,0.0,64.3,14.99,20.71,77.25,33.0,0.3603,120.09,0.0
41.0,250.0,42.195,1.0,0.0,18.0,36.5,39.29,8.642,21.77,0.0,29.02,49.73,21.25,80.85,58.0,0.4079,270.93,0.0
42.0,178.0,21.0975,2.0,0.0,13.0,31.26,35.22,6.724,15.77,0.0,28.78,49.64,21.58,67.4,29.0,0.5088,153.6,1.0
53.0,126.0,21.0975,1.0,0.0,11.0,19.45,29.11,8.481,11.9,0.0,67.98,15.83,16.19,74.5,43.0,0.197,155.98,0.0
54.0,32.0,5.0,0.0,0.0,8.0,19.11,29.02,11.291,6.71,0.0,45.64,49.14,5.22,100.0,54.0,0.3443,34.83,0.0
33.0,43.0,5.0,0.0,2.0,14.0,20.41,26.63,11.074,4.18,0.0,53.23,30.99,15.79,89.28,65.0,0.0094,47.51,0.0
23.0,58.0,10.0,2.0,0.0,16.0,14.42,22.75,8.903,9.92,0.0,73.52,18.09,8.39,83.3,90.0,0.408,62.47,1.0
50.0,339.0,42.195,0.0,2.0,21.0,50.16,68.14,8.605,18.47,3.0,85.82,8.65,5.53,72.77,68.0,0.0504,239.0,1.0
22.0,27.0,5.0,1.0,0.0,10.0,16.5,22.84,8.653,7.89,0.0,73.24,15.87,10.88,88.61,52.0,0.1646,29.12,1.0
23.0,119.0,21.0975,0.0,0.0,20.0,29.13,37.93,8.97,13.1,0.0,52.52,36.46,11.02,97.72,62.0,0.3439,136.71,0.0
53.0,392.0,42.195,0.0,0.0,15.0,32.07,41.82,9.38,13.58,4.0,72.71,22.87,4.42,81.59,44.0,0.2939,312.42,1.0
47.0,35.0,5.0,0.0,0.0,14.0,18.47,22.13,10.712,4.72,0.0,64.6,19.29,16.11,74.32,31.0,0.0531,38.96,1.0
26.0,19.0,5.0,0.0,0.0,11.0,15.5,19.63,11.023,6.25,0.0,75.18,0.0,24.82,100.0,54.0,0.3681,27.49,0.0
33.0,99.0,21.0975,2.0,0.0,12.0,34.49,49.09,6.5,11.24,0.0,49.25,38.59,12.16,81.12,44.0,0.1776,117.84,0.0
31.0,255.0,42.195,1.0,0.0,24.0,48.43,56.87,7.706,12.11,2.0,71.47,19.7,8.83,84.76,43.0,0.2208,240.96,1.0
45.0,199.0,21.0975,2.0,0.0,18.0,24.82,37.02,9.167,8.81,0.0,57.32,36.27,6.41,59.72,47.0,0.6,182.43,1.0
27.0,40.0,5.0,1.0,0.0,13.0,9.42,10.97,8.812,6.39,0.0,42.17,36.69,21.14,88.88,32.0,0.2748,42.03,1.0
50.0,133.0,21.0975,0.0,0.0,18.0,28.06,36.91,10.151,13.44,0.0,67.29,19.15,13.56,87.16,89.0,0.3932,144.99,0.0
53.0,107.0,21.0975,1.0,0.0,10.0,33.7,40.51,9.279,12.66,0.0,84.46,5.46,10.08,95.25,46.0,0.0969,118.83,0.0
40.0,169.0,21.0975,1.0,2.0,12.0,27.14,40.7,9.388,15.34,0.0,72.79,9.16,18.04,99.81,74.0,0.1107,164.6,1.0
38.0,84.0,10.0,0.0,0.0,14.0,23.63,29.86,11.206,7.48,0.0,41.31,33.81,24.88,94.14,24.0,0.3736,82.63,1.0
39.0,35.0,5.0,0.0,2.0,9.0,10.56,16.31,11.251,4.04,0.0,59.98,35.05,4.97,92.02,29.0,0.0903,43.97,0.0
25.0,42.0,10.0,1.0,1.0,9.0,16.46,19.64,10.384,6.76,0.0,64.69,32.52,2.79,73.39,22.0,0.1062,68.34,0.0
24.0,58.0,10.0,1.0,0.0,15.0,10.77,16.86,10.551,7.51,0.0,54.52,27.82,17.66,51.27,42.0,0.3807,66.45,1.0
46.0,125.0,21.0975,0.0,2.0,19.0,38.02,46.67,9.602,12.19,0.0,70.22,8.1,21.68,79.54,76.0,0.3742,145.79,0.0
37.0,54.0,10.0,0.0,0.0,10.0,17.69,26.67,12.359,9.52,0.0,68.62,9.13,22.25,100.0,25.0,0.21,64.37,0.0
32.0,27.0,5.0,0.0,0.0,14.0,19.96,29.41,10.172,8.09,0.0,61.08,16.27,22.65,77.68,54.0,0.0618,32.74,0.0
31.0,75.0,10.0,0.0,2.0,14.0,25.53,32.97,10.011,8.76,0.0,50.47,28.21,21.32,100.0,64.0,0.0737,78.21,1.0
41.0,330.0,42.195,2.0,0.0,14.0,26.98,33.13,8.345,14.46,4.0,72.31,21.73,5.96,88.71,22.0,0.1047,302.71,1.0
53.0,92.0,10.0,1.0,2.0,14.0,19.16,21.75,9.676,9.65,0.0,40.55,39.13,20.31,85.84,57.0,0.0531,92.35,1.0
24.0,301.0,42.195,1.0,0.0,17.0,56.96,64.97,6.5,16.49,0.0,57.14,32.56,10.3,79.63,28.0,0.0225,207.23,1.0
29.0,238.0,42.195,1.0,2.0,21.0,49.84,60.62,7.765,19.14,2.0,58.93,23.03,18.04,99.2,50.0,0.288,187.78,1.0
33.0,152.0,21.0975,0.0,0.0,18.0,27.23,31.34,10.013,15.56,0.0,37.34,48.37,14.29,89.7,49.0,0.2617,154.14,1.0
27.0,81.0,10.0,0.0,0.0,16.0,31.41,37.51,9.122,10.48,0.0,80.6,11.18,8.22,91.55,32.0,0.1413,81.93,1.0
47.0,345.0,42.195,0.0,0.0,23.0,42.23,48.11,9.52,20.45,1.0,67.76,7.39,24.85,67.21,39.0,0.1107,295.47,0.0
32.0,19.0,5.0,2.0,1.0,9.0,9.01,12.2,8.339,7.02,0.0,60.51,37.08,2.41,79.98,55.0,0.1785,34.31,0.0
22.0,418.0,42.195,1.0,2.0,18.0,27.97,33.8,10.001,17.81,4.0,67.05,20.65,12.3,66.06,49.0,0.2003,330.11,1.0
38.0,107.0,21.0975,0.0,0.0,11.0,17.32,24.74,12.913,12.74,0.0,79.36,11.51,9.13,75.16,24.0,0.6,141.33,0.0
36.0,44.0,5.0,2.0,0.0,8.0,12.79,19.0,8.196,4.33,0.0,56.5,21.66,21.84,84.69,30.0,0.031,47.27,0.0
31.0,147.0,21.0975,1.0,0.0,17.0,20.35,22.28,9.225,13.97,0.0,80.02,11.93,8.05,72.69,88.0,0.1862,149.99,1.0
22.0,167.0,21.0975,1.0,0.0,13.0,34.1,42.75,8.616,8.18,0.0,76.47,0.0,23.53,80.57,80.0,0.4092,155.47,1.0
39.0,47.0,10.0,1.0,2.0,16.0,26.33,37.18,7.672,8.28,0.0,82.21,17.52,0.27,86.01,70.0,0.1316,55.02,0.0
54.0,39.0,5.0,0.0,2.0,7.0,16.73,22.44,9.986,8.68,0.0,63.38,15.06,21.56,87.67,34.0,0.1636,43.3,0.0
40.0,116.0,21.0975,1.0,0.0,19.0,40.16,48.27,7.788,14.96,0.0,58.43,22.16,19.41,91.49,51.0,0.0386,113.61,0.0
32.0,157.0,21.0975,0.0,0.0,16.0,29.78,34.33,11.681,10.3,0.0,71.43,21.87,6.69,83.87,39.0,0.2553,166.2,0.0
45.0,219.0,42.195,0.0,0.0,14.0,48.62,59.9,8.348,21.83,2.0,60.38,31.59,8.03,86.69,23.0,0.1209,197.59,1.0
30.0,417.0,42.195,0.0,0.0,23.0,23.32,31.28,9.786,20.01,4.0,44.4,33.35,22.25,68.79,63.0,0.109,307.51,1.0
48.0,65.0,10.0,2.0,0.0,10.0,23.85,30.63,6.997,11.34,0.0,60.99,21.22,17.8,77.2,74.0,0.2397,65.82,1.0
52.0,332.0,42.195,0.0,0.0,15.0,47.85,66.1,8.235,15.17,3.0,66.1,17.03,16.88,81.6,49.0,0.021,247.57,1.0
39.0,247.0,42.195,0.0,0.0,16.0,34.14,48.77,10.181,19.18,3.0,53.88,22.26,23.86,85.95,77.0,0.1669,239.72,1.0
55.0,54.0,10.0,1.0,0.0,12.0,23.18,30.46,8.417,6.24,0.0,84.83,13.57,1.6,95.27,49.0,0.2981,62.54,0.0
48.0,27.0,5.0,0.0,0.0,10.0,15.33,18.01,9.804,8.64,0.0,70.74,21.62,7.64,76.65,71.0,0.1306,28.97,1.0
41.0,24.0,5.0,2.0,0.0,7.0,15.29,19.77,6.757,7.13,0.0,82.79,4.65,12.55,100.0,67.0,0.346,29.68,0.0
47.0,91.0,10.0,0.0,0.0,15.0,21.66,34.34,8.423,7.12,0.0,63.2,22.43,14.38,82.48,50.0,0.2435,92.87,1.0
35.0,375.0,42.195,0.0,0.0,24.0,56.96,69.03,8.717,14.62,0.0,37.18,39.08,23.74,79.33,65.0,0.2591,253.25,1.0
51.0,43.0,5.0,2.0,0.0,8.0,13.24,19.03,7.907,8.4,0.0,78.46,18.73,2.81,100.0,57.0,0.3887,43.81,1.0
47.0,270.0,42.195,1.0,0.0,14.0,42.47,48.35,9.25,21.97,3.0,74.54,12.89,12.57,98.55,38.0,0.3925,228.56,1.0
43.0,47.0,10.0,2.0,1.0,13.0,23.56,34.0,8.316,8.17,0.0,34.24,47.26,18.5,93.74,73.0,0.2947,61.11,0.0
39.0,89.0,10.0,0.0,2.0,15.0,17.51,21.69,10.548,12.0,0.0,69.71,17.12,13.17,85.72,64.0,0.3695,91.4,1.0
47.0,133.0,21.0975,0.0,0.0,12.0,28.76,32.39,9.826,9.35,0.0,67.55,18.96,13.49,83.2,75.0,0.0552,142.79,0.0
48.0,127.0,21.0975,0.0,2.0,20.0,28.08,34.75,9.353,10.91,0.0,70.04,25.9,4.06,88.72,79.0,0.2911,147.23,0.0
43.0,157.0,21.0975,0.0,1.0,15.0,25.52,28.79,11.542,13.23,0.0,45.34,43.77,10.89,84.77,45.0,0.0849,161.87,1.0
52.0,36.0,5.0,0.0,0.0,13.0,14.79,24.3,10.088,8.83,0.0,81.46,16.4,2.14,71.04,37.0,0.2434,38.55,0.0
33.0,205.0,21.0975,1.0,1.0,20.0,27.33,35.42,9.927,8.29,0.0,50.79,34.05,15.17,82.7,79.0,0.1127,203.12,1.0
46.0,277.0,42.195,0.0,0.0,22.0,36.58,53.61,8.566,17.15,1.0,53.99,40.2,5.81,77.79,63.0,0.2838,251.69,1.0
27.0,18.0,5.0,0.0,1.0,9.0,18.78,25.03,9.379,6.16,0.0,68.4,30.37,1.23,89.98,80.0,0.1697,30.82,0.0
28.0,69.0,10.0,1.0,2.0,8.0,28.43,32.43,8.38,10.14,0.0,85.57,8.68,5.75,97.71,88.0,0.0374,73.5,1.0
30.0,104.0,21.0975,1.0,1.0,12.0,18.46,21.97,9.55,9.7,0.0,55.79,25.92,18.29,58.04,39.0,0.1548,135.23,0.0
40.0,104.0,21.0975,0.0,0.0,20.0,17.11,23.83,11.712,10.61,0.0,86.81,0.18,13.0,89.77,31.0,0.1715,135.76,0.0
38.0,383.0,42.195,0.0,1.0,18.0,30.1,37.31,11.611,20.47,0.0,43.8,54.8,1.4,53.87,49.0,0.111,315.12,1.0
52.0,84.0,10.0,2.0,0.0,11.0,31.51,36.83,7.908,7.9,0.0,87.55,10.3,2.15,75.06,42.0,0.1142,80.86,1.0
40.0,126.0,21.0975,1.0,2.0,12.0,22.61,34.17,7.962,8.45,0.0,71.61,22.32,6.07,68.59,65.0,0.1239,131.18,1.0
27.0,250.0,42.195,0.0,2.0,12.0,44.35,64.29,7.728,20.5,4.0,49.36,38.39,12.25,80.19,33.0,0.2231,211.72,1.0
54.0,104.0,21.0975,1.0,0.0,14.0,44.75,49.36,8.061,15.04,0.0,65.41,14.09,20.5,88.53,83.0,0.1074,124.86,0.0
37.0,62.0,10.0,0.0,0.0,16.0,18.46,29.28,9.348,6.16,0.0,57.59,39.58,2.83,69.27,31.0,0.2741,61.81,1.0
27.0,195.0,42.195,1.0,1.0,19.0,27.72,35.48,9.024,18.41,1.0,36.68,40.68,22.64,94.81,91.0,0.3931,243.62,0.0
35.0,47.0,10.0,1.0,0.0,12.0,16.01,23.81,9.281,6.47,0.0,84.22,14.37,1.41,89.0,87.0,0.1609,56.74,0.0
41.0,233.0,42.195,1.0,0.0,22.0,54.23,65.71,6.5,18.57,2.0,51.59,23.71,24.7,95.01,76.0,0.2735,180.34,1.0
35.0,356.0,42.195,0.0,0.0,20.0,50.73,63.14,7.291,13.37,1.0,99.02,0.0,0.98,81.1,90.0,0.0771,263.61,1.0
22.0,41.0,5.0,0.0,2.0,11.0,21.41,26.68,8.054,8.91,0.0,56.53,23.08,20.4,61.05,70.0,0.173,40.6,1.0
27.0,335.0,42.195,0.0,0.0,15.0,42.28,59.39,9.282,22.0,0.0,68.16,12.42,19.43,83.39,77.0,0.0843,249.35,1.0
30.0,306.0,42.195,0.0,0.0,23.0,40.72,53.28,9.301,19.31,3.0,66.62,16.11,17.28,79.87,58.0,0.024,247.51,1.0
22.0,89.0,10.0,1.0,0.0,16.0,22.94,32.78,7.367,11.32,0.0,44.95,43.6,11.44,59.52,84.0,0.0861,91.23,1.0
48.0,93.0,10.0,0.0,0.0,12.0,15.05,23.67,10.983,6.24,0.0,85.66,12.31,2.04,69.34,72.0,0.0828,86.0,1.0
32.0,21.0,5.0,1.0,0.0,6.0,18.1,23.41,7.923,5.09,0.0,48.28,43.4,8.31,100.0,80.0,0.046,26.9,0.0
42.0,203.0,21.0975,0.0,1.0,13.0,26.49,38.83,9.641,11.57,0.0,27.21,70.64,2.15,90.22,78.0,0.018,199.04,1.0
27.0,135.0,21.0975,0.0,0.0,10.0,23.6,30.92,9.948,14.93,0.0,60.56,19.42,20.02,71.69,68.0,0.2398,140.08,1.0
53.0,26.0,5.0,1.0,0.0,10.0,16.36,25.53,8.867,4.46,0.0,53.28,36.22,10.5,73.26,87.0,0.2656,28.55,0.0
34.0,109.0,21.0975,2.0,0.0,17.0,23.14,28.49,8.816,11.5,0.0,59.16,19.67,21.17,95.2,79.0,0.0417,131.34,0.0
38.0,58.0,10.0,1.0,0.0,13.0,29.37,37.33,8.116,9.63,0.0,65.13,16.85,18.02,70.97,33.0,0.0706,67.63,0.0
49.0,20.0,5.0,0.0,0.0,8.0,16.54,19.72,9.17,4.54,0.0,50.09,31.62,18.3,91.27,55.0,0.1676,29.7,0.0
37.0,195.0,21.0975,0.0,1.0,14.0,28.6,35.96,10.483,9.51,0.0,71.83,23.74,4.43,76.19,38.0,0.1059,196.2,1.0
26.0,148.0,21.0975,2.0,0.0,18.0,35.33,48.87,7.391,8.09,0.0,47.96,34.98,17.05,78.71,88.0,0.172,146.59,1.0
40.0,206.0,42.195,1.0,0.0,17.0,49.08,61.31,6.5,21.24,2.0,58.53,28.46,13.01,67.14,57.0,0.0751,174.82,1.0
44.0,85.0,10.0,2.0,0.0,9.0,24.02,32.75,7.374,8.13,0.0,54.7,31.0,14.29,66.5,53.0,0.1684,86.61,1.0
33.0,98.0,21.0975,1.0,1.0,14.0,38.73,44.11,6.5,9.7,0.0,29.09,57.34,13.57,57.94,53.0,0.1313,116.93,0.0
22.0,159.0,21.0975,1.0,0.0,15.0,29.21,42.32,7.696,11.99,0.0,67.45,12.64,19.91,80.48,59.0,0.161,146.74,0.0
48.0,125.0,21.0975,0.0,0.0,11.0,17.45,25.81,11.88,8.06,0.0,61.25,15.28,23.47,91.46,72.0,0.1571,160.97,0.0
25.0,209.0,21.0975,1.0,1.0,12.0,14.37,20.73,10.013,9.82,0.0,42.27,39.66,18.07,83.99,61.0,0.3485,206.06,1.0
36.0,89.0,10.0,1.0,0.0,9.0,28.53,34.32,9.108,7.83,0.0,68.58,22.61,8.8,89.09,56.0,0.2243,89.77,1.0
22.0,358.0,42.195,0.0,0.0,19.0,42.99,54.07,8.405,20.8,4.0,69.64,18.09,12.27,76.25,68.0,0.2517,257.61,1.0
55.0,253.0,42.195,0.0,0.0,14.0,40.41,48.08,8.706,12.19,0.0,41.52,36.09,22.39,80.74,66.0,0.0899,254.98,1.0
44.0,202.0,21.0975,0.0,0.0,11.0,29.59,35.33,8.933,11.14,0.0,70.26,23.59,6.15,87.88,30.0,0.2434,188.81,1.0
49.0,38.0,5.0,2.0,0.0,13.0,14.37,17.49,7.862,4.97,0.0,71.4,25.8,2.8,88.41,43.0,0.279,41.28,1.0
38.0,33.0,5.0,1.0,0.0,7.0,9.79,13.59,9.946,4.68,0.0,69.82,9.78,20.4,70.01,53.0,0.4125,34.29,1.0
27.0,43.0,5.0,0.0,0.0,6.0,7.11,11.53,9.506,4.59,0.0,77.11,13.37,9.52,100.0,68.0,0.5931,45.85,0.0
54.0,166.0,21.0975,2.0,0.0,19.0,26.13,33.32,7.52,13.06,0.0,70.29,16.96,12.75,100.0,64.0,0.2338,167.42,1.0
30.0,82.0,10.0,1.0,0.0,10.0,23.74,32.93,7.983,11.22,0.0,54.38,30.83,14.8,83.8,51.0,0.2656,80.36,1.0
35.0,57.0,10.0,1.0,2.0,10.0,16.72,22.36,10.222,7.48,0.0,36.85,39.36,23.8,72.66,82.0,0.1947,74.82,0.0
46.0,292.0,42.195,0.0,0.0,14.0,28.12,32.99,10.605,19.38,4.0,71.54,13.32,15.15,70.39,72.0,0.0385,279.33,1.0
27.0,21.0,5.0,1.0,0.0,6.0,18.83,26.42,8.161,7.93,0.0,56.48,19.15,24.38,92.75,70.0,0.3241,28.37,0.0
25.0,396.0,42.195,0.0,1.0,22.0,22.55,29.69,11.573,18.73,1.0,34.13,45.2,20.67,91.05,37.0,0.2147,328.58,1.0
37.0,327.0,42.195,2.0,0.0,14.0,25.09,34.44,8.174,13.02,2.0,46.5,34.58,18.92,72.62,80.0,0.2657,275.6,1.0
40.0,182.0,21.0975,1.0,0.0,19.0,33.93,45.59,7.309,9.87,0.0,54.38,28.75,16.87,84.05,21.0,0.0551,167.59,1.0
46.0,266.0,42.195,1.0,2.0,18.0,20.54,29.39,9.774,20.04,0.0,78.36,7.0,14.63,89.13,32.0,0.0524,246.91,1.0
41.0,135.0,21.0975,0.0,0.0,12.0,17.92,20.01,12.042,12.97,0.0,60.0,19.72,20.28,91.28,30.0,0.1495,150.89,0.0
52.0,235.0,42.195,0.0,1.0,22.0,48.87,55.86,9.634,15.86,0.0,64.14,28.44,7.41,83.64,34.0,0.1068,237.62,1.0
23.0,39.0,10.0,1.0,0.0,15.0,17.89,22.2,7.84,6.84,0.0,70.58,14.01,15.41,77.76,58.0,0.1071,47.71,0.0
30.0,192.0,21.0975,1.0,0.0,20.0,28.22,38.72,8.924,8.33,0.0,68.21,7.49,24.29,80.54,53.0,0.1887,188.11,1.0
48.0,42.0,5.0,0.0,1.0,14.0,9.88,11.29,10.638,7.82,0.0,46.64,44.34,9.02,93.09,85.0,0.1627,50.1,0.0
30.0,129.0,21.0975,1.0,2.0,20.0,26.44,30.13,8.273,8.72,0.0,76.16,4.08,19.75,75.82,60.0,0.1771,156.1,0.0
24.0,194.0,21.0975,1.0,1.0,13.0,24.17,28.11,9.4,8.58,0.0,38.11,40.0,21.89,69.02,65.0,0.148,195.19,1.0
30.0,57.0,10.0,0.0,0.0,9.0,14.19,16.6,10.17,7.45,0.0,39.79,37.19,23.02,92.5,46.0,0.2418,65.28,0.0
45.0,168.0,21.0975,1.0,2.0,16.0,23.75,27.38,9.022,13.52,0.0,61.52,23.54,14.94,82.87,40.0,0.1062,167.69,1.0
44.0,144.0,21.0975,0.0,0.0,18.0,37.77,41.61,9.144,8.34,0.0,77.63,20.23,2.14,92.95,56.0,0.1793,141.13,1.0
31.0,165.0,21.0975,1.0,0.0,17.0,36.78,42.74,8.32,13.57,0.0,55.89,23.69,20.42,96.13,40.0,0.0206,160.95,1.0
23.0,29.0,5.0,1.0,1.0,14.0,21.23,25.03,7.888,7.02,0.0,29.51,49.18,21.31,85.52,56.0,0.1432,38.59,0.0
45.0,124.0,21.0975,0.0,0.0,19.0,25.33,28.71,10.599,8.98,0.0,99.92,0.0,0.08,100.0,70.0,0.1449,130.24,1.0
45.0,305.0,42.195,0.0,1.0,12.0,21.05,29.52,12.513,17.47,4.0,64.56,25.35,10.09,79.96,89.0,0.05,308.32,1.0
45.0,344.0,42.195,0.0,0.0,20.0,45.52,52.82,7.992,19.69,0.0,77.64,7.24,15.12,75.65,70.0,0.1716,277.99,1.0
44.0,80.0,10.0,1.0,0.0,9.0,26.7,32.01,8.854,8.58,0.0,49.2,30.97,19.83,87.83,86.0,0.1758,75.59,1.0
29.0,192.0,21.0975,1.0,0.0,16.0,15.55,21.81,9.833,14.15,0.0,50.8,29.07,20.13,76.86,74.0,0.1544,178.23,1.0
42.0,129.0,21.0975,0.0,0.0,19.0,32.29,37.67,9.253,12.83,0.0,75.71,23.48,0.8,90.24,54.0,0.048,144.57,0.0
43.0,24.0,5.0,0.0,2.0,9.0,12.72,17.27,9.925,5.88,0.0,67.17,17.3,15.53,85.05,30.0,0.4009,32.41,1.0
36.0,306.0,42.195,1.0,0.0,14.0,25.24,31.39,9.289,12.28,2.0,72.25,22.97,4.78,83.99,30.0,0.0964,288.52,1.0
53.0,36.0,5.0,1.0,0.0,14.0,14.25,22.79,9.087,6.17,0.0,50.39,37.84,11.77,93.8,82.0,0.1218,38.23,1.0
37.0,143.0,21.0975,0.0,0.0,18.0,32.68,44.42,8.511,10.5,0.0,84.12,7.44,8.44,70.69,31.0,0.083,147.52,1.0
35.0,53.0,10.0,0.0,1.0,10.0,17.85,22.06,10.607,9.24,0.0,33.66,57.88,8.46,79.53,79.0,0.2875,71.67,0.0
29.0,84.0,10.0,1.0,0.0,12.0,15.22,18.39,9.722,7.68,0.0,66.56,22.63,10.8,96.29,65.0,0.1668,84.54,1.0
45.0,21.0,5.0,1.0,0.0,12.0,14.1,23.26,10.326,7.71,0.0,75.5,19.79,4.71,79.15,56.0,0.0808,26.88,0.0
39.0,42.0,10.0,1.0,2.0,10.0,19.31,23.93,9.483,9.45,0.0,77.33,16.0,6.68,63.78,43.0,0.4265,62.85,0.0
34.0,199.0,21.0975,2.0,0.0,11.0,28.99,31.83,6.993,12.64,0.0,89.26,3.87,6.86,77.65,39.0,0.1849,165.21,1.0
31.0,77.0,10.0,0.0,0.0,10.0,20.11,23.24,11.177,9.17,0.0,63.05,24.57,12.37,56.7,57.0,0.1997,86.48,1.0
44.0,207.0,21.0975,1.0,0.0,14.0,20.91,25.04,9.707,9.5,0.0,61.15,30.31,8.54,84.88,21.0,0.6,193.67,1.0
45.0,24.0,5.0,2.0,1.0,6.0,11.97,18.05,7.833,7.42,0.0,60.8,34.01,5.19,62.13,56.0,0.1993,33.84,0.0
53.0,116.0,21.0975,0.0,1.0,11.0,25.78,34.76,9.055,13.33,0.0,14.91,67.15,17.94,77.64,52.0,0.2397,143.55,0.0
45.0,43.0,5.0,0.0,0.0,10.0,21.76,27.58,8.877,7.43,0.0,50.68,30.64,18.68,78.04,52.0,0.2305,41.46,1.0
50.0,224.0,42.195,0.0,2.0,21.0,60.69,67.87,8.495,12.29,3.0,50.45,33.68,15.87,79.39,47.0,0.2321,184.51,1.0
42.0,218.0,42.195,0.0,0.0,24.0,31.93,43.2,10.829,12.78,4.0,71.98,26.4,1.62,75.05,39.0,0.385,227.18,1.0
33.0,29.0,5.0,0.0,0.0,10.0,10.97,13.3,10.005,6.25,0.0,66.27,26.27,7.46,82.89,60.0,0.1365,35.41,0.0
53.0,20.0,5.0,2.0,0.0,6.0,17.03,22.86,8.878,5.83,0.0,76.37,13.76,9.87,87.46,73.0,0.1333,27.92,0.0
23.0,41.0,5.0,0.0,0.0,6.0,16.92,21.4,10.794,6.1,0.0,62.53,16.34,21.12,92.27,50.0,0.2527,39.95,1.0
32.0,41.0,10.0,0.0,0.0,13.0,20.16,26.62,9.637,6.11,0.0,74.92,14.96,10.12,85.52,50.0,0.2808,57.54,0.0
26.0,404.0,42.195,2.0,2.0,20.0,22.14,30.44,10.092,15.96,0.0,57.76,22.3,19.94,80.58,45.0,0.1194,333.93,1.0
22.0,21.0,5.0,2.0,1.0,8.0,20.36,23.75,7.614,5.1,0.0,64.31,17.62,18.07,88.47,90.0,0.1615,33.99,0.0
38.0,72.0,10.0,0.0,1.0,10.0,20.8,29.76,11.269,11.8,0.0,54.1,32.3,13.6,72.8,78.0,0.2344,79.72,0.0
41.0,353.0,42.195,0.0,0.0,17.0,33.86,43.7,11.074,21.86,4.0,85.25,4.58,10.17,90.28,64.0,0.0733,299.31,1.0
37.0,98.0,21.0975,0.0,0.0,15.0,33.56,38.89,10.796,15.53,0.0,54.25,21.14,24.62,64.12,46.0,0.3289,112.34,0.0
50.0,271.0,42.195,1.0,1.0,13.0,46.0,58.85,7.125,12.59,1.0,38.9,39.76,21.34,96.45,68.0,0.1168,249.48,1.0
31.0,29.0,5.0,0.0,0.0,6.0,11.68,16.68,12.568,7.49,0.0,64.97,13.14,21.89,52.26,44.0,0.181,32.09,0.0
54.0,62.0,10.0,0.0,1.0,16.0,25.12,30.93,9.967,9.13,0.0,55.23,41.86,2.91,78.28,74.0,0.2156,75.6,0.0
26.0,80.0,10.0,0.0,2.0,16.0,28.33,32.89,8.648,6.1,0.0,84.52,8.73,6.75,78.6,54.0,0.3071,81.92,1.0
27.0,134.0,21.0975,1.0,0.0,10.0,31.78,47.6,8.065,10.8,0.0,49.05,35.53,15.42,91.88,31.0,0.0669,136.45,1.0
33.0,195.0,21.0975,0.0,0.0,13.0,23.17,26.57,9.499,9.88,0.0,62.6,24.12,13.28,94.95,53.0,0.1131,181.58,1.0
22.0,55.0,10.0,1.0,0.0,10.0,26.68,37.8,8.769,6.74,0.0,50.67,30.04,19.29,86.03,21.0,0.1683,59.37,1.0
30.0,255.0,42.195,1.0,1.0,12.0,55.11,65.66,7.061,21.41,4.0,33.93,59.35,6.72,90.22,48.0,0.2898,213.71,1.0
40.0,108.0,21.0975,0.0,2.0,15.0,27.03,31.04,11.303,13.45,0.0,69.68,25.07,5.26,68.79,51.0,0.1233,144.58,0.0
39.0,25.0,5.0,1.0,1.0,13.0,11.11,14.72,9.103,6.08,0.0,45.96,49.69,4.35,88.29,66.0,0.2047,36.51,0.0
33.0,82.0,10.0,0.0,0.0,10.0,20.95,23.57,9.957,7.52,0.0,75.07,5.59,19.34,75.5,35.0,0.0857,86.14,1.0
41.0,59.0,10.0,0.0,0.0,13.0,18.38,26.6,9.895,6.24,0.0,57.05,18.03,24.92,65.45,62.0,0.1386,67.16,0.0
47.0,41.0,5.0,1.0,1.0,12.0,8.96,11.09,9.575,7.62,0.0,73.18,23.52,3.3,70.13,43.0,0.3626,49.69,0.0
24.0,150.0,21.0975,0.0,0.0,15.0,42.09,48.71,9.744,15.38,0.0,44.01,44.65,11.34,88.23,73.0,0.1888,149.62,1.0
46.0,58.0,10.0,1.0,0.0,8.0,13.75,22.11,9.489,11.66,0.0,81.56,10.39,8.05,72.98,88.0,0.2428,68.05,0.0
50.0,74.0,10.0,0.0,2.0,11.0,13.6,15.4,11.22,8.15,0.0,58.99,25.6,15.42,86.35,46.0,0.0423,84.64,0.0
49.0,119.0,21.0975,0.0,0.0,20.0,31.79,35.02,10.24,9.98,0.0,78.06,10.83,11.11,57.14,90.0,0.0981,131.33,0.0
48.0,205.0,21.0975,0.0,2.0,13.0,19.61,28.18,10.321,10.88,0.0,48.06,36.87,15.08,62.36,42.0,0.1171,187.49,1.0
54.0,90.0,10.0,2.0,0.0,16.0,20.21,23.66,8.243,8.77,0.0,54.68,30.67,14.65,74.03,26.0,0.126,83.97,1.0
53.0,374.0,42.195,0.0,0.0,15.0,31.62,36.64,10.783,17.8,0.0,59.27,36.83,3.91,66.67,28.0,0.0626,300.62,1.0
22.0,38.0,10.0,2.0,1.0,9.0,16.65,22.0,9.982,11.07,0.0,39.45,49.14,11.41,90.16,84.0,0.1711,63.72,0.0
26.0,163.0,21.0975,0.0,2.0,20.0,25.85,31.44,9.428,11.85,0.0,45.02,36.05,18.93,81.05,69.0,0.1947,179.27,0.0
30.0,373.0,42.195,1.0,0.0,21.0,40.76,53.39,7.798,14.09,3.0,54.15,35.29,10.55,65.96,42.0,0.3211,283.89,1.0
55.0,273.0,42.195,0.0,0.0,12.0,22.39,30.91,11.03,21.85,3.0,76.32,22.49,1.2,57.43,80.0,0.2178,271.19,1.0
26.0,95.0,21.0975,0.0,0.0,19.0,26.38,32.08,10.731,13.25,0.0,76.99,2.59,20.42,95.14,89.0,0.0591,128.49,0.0
40.0,22.0,5.0,0.0,0.0,9.0,21.74,25.28,10.312,5.11,0.0,42.6,38.89,18.51,84.97,83.0,0.1165,27.71,0.0
37.0,42.0,5.0,0.0,0.0,13.0,14.52,18.14,11.595,8.97,0.0,68.63,12.15,19.22,86.33,54.0,0.2712,43.19,1.0
45.0,72.0,10.0,0.0,0.0,16.0,11.88,15.19,11.984,11.16,0.0,64.54,17.59,17.87,73.08,65.0,0.0225,81.15,0.0
22.0,171.0,21.0975,1.0,0.0,16.0,19.13,22.7,9.983,15.77,0.0,58.05,24.63,17.32,87.54,42.0,0.3368,165.08,1.0
28.0,413.0,42.195,0.0,1.0,19.0,36.61,51.23,10.712,19.04,2.0,45.89,37.77,16.34,100.0,62.0,0.0968,312.39,1.0
41.0,193.0,21.0975,1.0,0.0,15.0,35.18,47.97,8.04,8.55,0.0,81.62,11.34,7.04,90.73,40.0,0.1574,192.34,1.0
40.0,42.0,5.0,0.0,1.0,8.0,13.75,19.27,10.826,7.46,0.0,66.16,31.1,2.74,98.29,88.0,0.386,47.38,0.0
23.0,346.0,42.195,0.0,2.0,19.0,50.04,55.86,8.682,17.57,2.0,75.74,4.18,20.07,86.75,76.0,0.1584,260.67,1.0
33.0,25.0,5.0,0.0,0.0,7.0,6.93,11.5,11.531,4.73,0.0,71.27,11.1,17.64,85.68,66.0,0.2839,31.83,1.0
40.0,33.0,5.0,0.0,0.0,13.0,13.65,21.2,9.332,5.47,0.0,56.64,28.48,14.88,78.87,39.0,0.2406,36.54,1.0
33.0,60.0,10.0,0.0,1.0,12.0,16.2,20.99,11.139,10.75,0.0,65.72,33.15,1.13,75.17,62.0,0.1893,73.18,0.0
34.0,100.0,21.0975,0.0,0.0,13.0,25.08,37.99,9.956,14.1,0.0,56.78,20.99,22.24,90.43,51.0,0.0835,109.97,0.0
42.0,29.0,5.0,0.0,0.0,9.0,21.36,24.34,9.992,4.14,0.0,44.84,30.57,24.59,67.24,49.0,0.088,33.78,0.0
42.0,283.0,42.195,1.0,1.0,21.0,53.64,69.71,7.437,13.16,3.0,54.8,25.07,20.12,93.58,24.0,0.3754,202.12,1.0
42.0,111.0,21.0975,2.0,0.0,20.0,16.0,23.64,9.437,9.58,0.0,66.68,27.56,5.76,82.86,36.0,0.3608,150.14,0.0
44.0,95.0,10.0,0.0,0.0,12.0,14.85,17.54,11.145,9.03,0.0,81.76,3.75,14.49,83.86,23.0,0.0213,95.9,1.0
52.0,156.0,21.0975,1.0,0.0,13.0,32.97,37.56,8.688,8.19,0.0,66.21,28.65,5.14,96.59,38.0,0.2324,166.13,1.0
53.0,142.0,21.0975,1.0,0.0,17.0,28.85,34.86,9.457,14.53,0.0,55.09,32.82,12.1,71.0,35.0,0.5889,139.76,1.0
43.0,25.0,5.0,2.0,0.0,7.0,16.23,22.24,7.791,8.67,0.0,83.57,10.78,5.64,100.0,76.0,0.2023,32.81,0.0
41.0,286.0,42.195,1.0,0.0,17.0,30.72,40.65,8.119,13.37,0.0,51.96,27.98,20.06,99.3,34.0,0.0323,294.72,1.0
33.0,327.0,42.195,1.0,0.0,15.0,33.76,43.17,8.85,15.45,2.0,61.79,25.56,12.65,90.8,63.0,0.1686,281.4,1.0
37.0,58.0,10.0,1.0,0.0,11.0,14.66,16.42,10.323,6.41,0.0,78.93,14.58,6.49,66.37,26.0,0.3801,67.63,0.0
37.0,29.0,5.0,1.0,0.0,12.0,8.45,14.05,9.71,7.69,0.0,74.92,6.03,19.05,72.01,63.0,0.2707,29.7,1.0
23.0,41.0,10.0,1.0,0.0,8.0,12.78,19.37,9.05,7.39,0.0,42.64,44.36,13.0,88.05,89.0,0.2028,53.58,0.0
53.0,129.0,21.0975,0.0,0.0,15.0,27.05,40.14,9.394,10.74,0.0,54.54,43.53,1.93,85.82,22.0,0.3649,152.48,0.0
27.0,86.0,10.0,0.0,0.0,13.0,17.13,19.72,12.313,6.12,0.0,53.73,25.6,20.67,85.7,31.0,0.1201,90.2,1.0
24.0,165.0,21.0975,1.0,0.0,13.0,29.87,39.89,8.969,8.44,0.0,73.31,23.45,3.24,57.4,89.0,0.338,163.3,1.0
49.0,217.0,42.195,1.0,0.0,23.0,34.47,44.44,8.494,17.6,2.0,89.95,6.3,3.74,76.71,29.0,0.0146,252.43,0.0
44.0,316.0,42.195,2.0,0.0,20.0,44.52,60.27,6.5,15.43,0.0,57.75,20.07,22.18,53.06,84.0,0.1469,250.73,1.0
25.0,83.0,10.0,0.0,0.0,10.0,15.41,21.64,10.366,9.3,0.0,80.36,5.74,13.91,82.51,89.0,0.2112,89.99,0.0
43.0,45.0,5.0,0.0,0.0,12.0,15.74,20.12,9.771,5.72,0.0,54.69,28.51,16.8,81.51,52.0,0.2247,44.61,1.0
45.0,70.0,10.0,1.0,1.0,16.0,19.33,25.17,10.794,9.29,0.0,74.92,19.89,5.19,85.14,45.0,0.0675,82.82,0.0
47.0,191.0,21.0975,0.0,0.0,20.0,25.87,32.71,10.14,13.71,0.0,85.6,8.24,6.16,96.43,88.0,0.1625,188.55,1.0
32.0,111.0,21.0975,0.0,0.0,20.0,30.06,37.37,9.27,13.14,0.0,49.22,32.2,18.58,88.44,30.0,0.463,131.44,0.0
24.0,204.0,21.0975,0.0,0.0,20.0,35.56,39.53,10.058,14.38,0.0,67.5,26.13,6.37,77.0,25.0,0.1056,199.42,1.0
44.0,199.0,42.195,2.0,0.0,19.0,43.56,61.31,6.5,17.77,3.0,47.38,29.52,23.09,85.33,56.0,0.1054,192.85,1.0
53.0,187.0,21.0975,2.0,0.0,16.0,39.09,48.45,7.059,15.23,0.0,53.56,26.77,19.67,80.89,29.0,0.0709,167.79,1.0
29.0,28.0,5.0,1.0,0.0,13.0,15.58,24.51,9.446,6.05,0.0,60.92,25.18,13.89,68.33,38.0,0.3531,32.75,1.0
44.0,251.0,42.195,1.0,0.0,17.0,24.58,28.32,9.653,19.24,3.0,78.82,3.38,17.8,92.31,90.0,0.2406,251.98,1.0
39.0,332.0,42.195,1.0,2.0,19.0,47.08,53.38,8.271,20.94,1.0,51.45,31.07,17.48,88.54,85.0,0.4001,260.27,1.0
44.0,27.0,5.0,0.0,0.0,14.0,15.11,24.33,10.712,5.98,0.0,78.13,3.88,17.99,100.0,37.0,0.0693,30.07,0.0
55.0,355.0,42.195,1.0,0.0,19.0,48.83,57.7,8.184,12.47,4.0,83.94,13.75,2.31,87.94,79.0,0.1734,288.78,1.0
23.0,166.0,21.0975,1.0,1.0,16.0,26.26,29.18,8.3,10.83,0.0,60.77,31.31,7.92,68.67,40.0,0.0762,157.26,1.0
22.0,81.0,10.0,0.0,0.0,14.0,23.38,30.56,9.834,10.96,0.0,42.45,34.75,22.8,78.79,55.0,0.067,81.39,1.0
27.0,226.0,42.195,1.0,2.0,20.0,25.37,33.2,7.557,20.36,2.0,49.03,44.69,6.28,84.45,86.0,0.1064,236.28,1.0
36.0,67.0,10.0,0.0,1.0,15.0,19.58,26.33,10.671,8.8,0.0,48.19,48.23,3.57,86.14,49.0,0.1085,70.81,1.0
48.0,25.0,5.0,0.0,0.0,14.0,11.31,14.72,10.038,8.2,0.0,69.32,14.15,16.53,86.26,67.0,0.16,32.4,0.0
45.0,55.0,10.0,1.0,0.0,13.0,25.73,31.29,7.589,9.09,0.0,66.47,32.07,1.46,80.72,58.0,0.2076,60.35,0.0
32.0,121.0,21.0975,0.0,0.0,14.0,28.86,36.86,12.3,8.95,0.0,60.23,29.12,10.64,77.95,40.0,0.1381,154.09,0.0
25.0,49.0,10.0,0.0,0.0,8.0,18.85,28.98,10.692,6.77,0.0,60.56,24.14,15.3,78.6,27.0,0.0699,61.16,0.0
45.0,80.0,10.0,2.0,0.0,10.0,21.18,29.78,7.725,11.71,0.0,54.51,21.03,24.47,91.98,34.0,0.3542,79.45,1.0
55.0,49.0,10.0,1.0,0.0,13.0,20.29,32.08,8.092,8.46,0.0,77.8,18.72,3.48,98.36,46.0,0.3455,57.46,0.0
50.0,129.0,21.0975,0.0,1.0,18.0,26.65,33.31,9.423,14.19,0.0,37.91,43.42,18.66,100.0,37.0,0.0077,153.12,0.0
36.0,53.0,10.0,0.0,1.0,15.0,11.08,15.93,10.581,8.69,0.0,42.26,36.99,20.75,91.81,23.0,0.0681,70.0,0.0
35.0,22.0,5.0,0.0,0.0,8.0,9.67,14.79,10.96,8.3,0.0,58.75,20.62,20.63,66.73,62.0,0.1043,28.8,0.0
40.0,206.0,42.195,1.0,0.0,12.0,24.5,29.59,9.181,17.02,3.0,81.69,0.0,18.31,64.94,47.0,0.0215,238.46,1.0
25.0,383.0,42.195,0.0,0.0,16.0,55.93,68.86,7.693,12.59,2.0,93.85,5.02,1.14,90.88,87.0,0.2496,276.46,1.0
49.0,133.0,21.0975,1.0,0.0,11.0,26.29,30.67,8.834,14.3,0.0,62.13,17.25,20.62,100.0,42.0,0.4145,151.46,0.0
43.0,38.0,5.0,1.0,0.0,14.0,9.55,15.05,10.906,8.53,0.0,44.66,35.36,19.98,81.43,37.0,0.4781,40.07,1.0
54.0,91.0,10.0,0.0,0.0,11.0,25.69,36.4,9.404,6.86,0.0,75.14,22.51,2.35,84.36,72.0,0.434,90.71,1.0
22.0,42.0,10.0,0.0,2.0,15.0,16.46,19.27,10.92,8.97,0.0,65.84,13.3,20.87,100.0,28.0,0.097,61.74,0.0
30.0,76.0,10.0,0.0,0.0,15.0,16.37,20.21,10.673,10.44,0.0,68.05,9.67,22.28,100.0,39.0,0.2279,77.08,1.0
37.0,122.0,21.0975,0.0,0.0,18.0,21.62,25.35,11.511,13.55,0.0,96.68,2.65,0.67,69.37,84.0,0.2255,140.73,0.0
24.0,125.0,21.0975,0.0,0.0,19.0,23.98,31.01,9.877,12.81,0.0,75.09,8.47,16.44,94.56,56.0,0.3222,156.37,1.0
33.0,107.0,21.0975,0.0,2.0,10.0,22.49,33.71,10.341,14.8,0.0,50.56,29.94,19.5,56.28,86.0,0.3346,124.77,0.0
49.0,293.0,42.195,0.0,0.0,19.0,39.03,44.88,10.541,17.42,4.0,66.95,24.25,8.81,66.72,80.0,0.0839,271.57,1.0
22.0,312.0,42.195,0.0,0.0,15.0,51.26,66.08,9.438,15.96,4.0,62.15,22.2,15.65,73.95,85.0,0.0805,233.6,1.0
37.0,21.0,5.0,2.0,1.0,14.0,6.69,10.35,8.149,4.05,0.0,62.79,33.2,4.01,84.6,27.0,0.1165,30.95,0.0
54.0,29.0,5.0,0.0,0.0,13.0,17.95,22.51,10.843,4.6,0.0,64.91,23.18,11.91,85.52,35.0,0.3959,33.29,0.0
55.0,98.0,21.0975,0.0,0.0,15.0,30.47,34.49,10.635,9.67,0.0,87.74,5.52,6.74,79.67,42.0,0.0382,116.21,1.0
34.0,40.0,5.0,0.0,1.0,14.0,6.97,10.87,11.11,8.28,0.0,53.16,28.76,18.07,86.64,91.0,0.3353,48.73,0.0
40.0,134.0,21.0975,0.0,0.0,13.0,26.24,35.29,10.215,8.13,0.0,61.83,21.92,16.25,85.16,35.0,0.3971,146.23,0.0
27.0,180.0,21.0975,0.0,0.0,16.0,35.49,44.82,10.468,11.97,0.0,68.09,14.44,17.47,85.43,29.0,0.3877,171.74,1.0
52.0,54.0,10.0,1.0,0.0,16.0,15.61,18.44,8.972,11.32,0.0,55.31,41.26,3.43,65.95,45.0,0.178,67.57,0.0
38.0,164.0,21.0975,1.0,1.0,18.0,23.97,31.77,7.636,14.43,0.0,50.03,44.93,5.04,84.25,62.0,0.0446,171.31,1.0
24.0,24.0,5.0,0.0,1.0,10.0,21.29,25.28,9.345,4.43,0.0,18.74,62.04,19.22,100.0,85.0,0.1876,36.13,0.0
33.0,39.0,5.0,0.0,0.0,8.0,8.94,14.67,11.669,5.47,0.0,49.77,34.07,16.16,95.34,80.0,0.2258,42.32,0.0
44.0,40.0,5.0,0.0,0.0,10.0,18.83,24.3,11.724,7.64,0.0,69.67,9.97,20.35,87.91,50.0,0.3812,41.58,1.0
39.0,40.0,10.0,1.0,0.0,9.0,14.97,21.98,8.437,11.16,0.0,48.52,29.84,21.64,78.38,90.0,0.127,53.38,0.0
54.0,315.0,42.195,2.0,0.0,17.0,30.56,42.58,7.646,20.22,0.0,72.6,25.81,1.58,88.25,62.0,0.3299,269.86,1.0
54.0,49.0,10.0,0.0,0.0,8.0,26.87,36.59,11.453,10.67,0.0,73.99,10.61,15.4,100.0,90.0,0.1756,58.8,0.0
33.0,181.0,21.0975,2.0,0.0,16.0,26.73,32.95,8.405,13.44,0.0,49.31,30.64,20.05,100.0,33.0,0.2278,173.8,1.0
54.0,136.0,21.0975,1.0,0.0,16.0,20.67,24.09,9.305,14.25,0.0,53.76,22.64,23.61,79.49,70.0,0.3262,151.65,0.0
49.0,369.0,42.195,1.0,0.0,21.0,41.54,55.44,7.951,18.3,4.0,71.59,5.83,22.57,87.15,25.0,0.3314,263.83,1.0
54.0,95.0,10.0,0.0,0.0,8.0,10.86,16.33,9.759,11.7,0.0,81.62,16.17,2.21,76.3,56.0,0.2402,93.7,1.0
44.0,30.0,5.0,0.0,0.0,11.0,23.4,28.74,10.111,5.91,0.0,69.33,29.97,0.7,73.62,31.0,0.1581,36.31,0.0
29.0,27.0,5.0,1.0,0.0,6.0,18.84,22.48,9.017,7.41,0.0,75.61,21.02,3.37,100.0,82.0,0.1075,32.02,0.0
36.0,138.0,21.0975,1.0,0.0,12.0,41.02,47.83,7.383,15.59,0.0,54.79,23.3,21.91,84.02,41.0,0.0479,142.26,1.0
50.0,81.0,10.0,0.0,0.0,9.0,14.79,23.51,9.228,7.98,0.0,67.23,15.15,17.62,100.0,47.0,0.0092,82.73,1.0
28.0,136.0,21.0975,1.0,1.0,20.0,22.7,28.37,9.08,8.56,0.0,60.53,34.02,5.45,82.2,73.0,0.3738,161.26,0.0
45.0,24.0,5.0,2.0,0.0,8.0,11.7,14.24,8.718,8.49,0.0,67.81,8.62,23.58,79.62,55.0,0.5117,29.79,1.0
39.0,18.0,5.0,1.0,0.0,7.0,17.21,21.3,9.662,7.39,0.0,66.81,33.19,0.0,87.12,21.0,0.1103,24.75,0.0
25.0,27.0,5.0,2.0,1.0,10.0,15.14,18.04,8.331,6.32,0.0,43.19,48.98,7.84,82.04,69.0,0.2524,35.62,0.0
41.0,199.0,42.195,1.0,0.0,22.0,26.53,38.12,9.02,12.5,1.0,61.78,28.61,9.61,86.44,35.0,0.3627,250.75,0.0
32.0,52.0,10.0,0.0,0.0,14.0,10.49,15.3,11.682,9.66,0.0,59.11,22.7,18.19,77.11,24.0,0.2095,61.16,0.0
25.0,38.0,10.0,0.0,0.0,16.0,13.76,20.78,11.795,11.11,0.0,70.84,10.38,18.78,79.11,39.0,0.1499,50.84,1.0
54.0,200.0,42.195,0.0,2.0,19.0,40.04,50.55,9.523,17.0,4.0,64.71,13.28,22.01,92.6,31.0,0.115,191.78,1.0
47.0,417.0,42.195,0.0,1.0,22.0,54.23,64.37,7.598,21.37,2.0,7.1,68.42,24.48,73.7,64.0,0.3081,292.94,1.0
30.0,35.0,5.0,0.0,2.0,11.0,14.74,17.81,9.243,7.62,0.0,64.41,34.65,0.94,77.58,83.0,0.12,37.09,1.0
26.0,67.0,10.0,1.0,1.0,9.0,16.98,20.97,8.743,10.64,0.0,76.51,15.79,7.69,81.55,84.0,0.1746,73.79,0.0
26.0,121.0,21.0975,2.0,0.0,11.0,35.5,48.87,6.5,11.94,0.0,56.87,34.99,8.15,88.76,88.0,0.1972,132.0,1.0
46.0,94.0,10.0,0.0,0.0,8.0,14.43,21.16,10.609,11.76,0.0,53.81,27.68,18.51,91.79,60.0,0.189,91.87,1.0
25.0,288.0,42.195,0.0,1.0,13.0,40.69,55.11,8.937,15.29,1.0,67.35,25.76,6.89,93.65,63.0,0.1513,254.96,1.0
48.0,272.0,42.195,0.0,0.0,17.0,53.8,65.93,8.519,16.81,1.0,69.13,27.92,2.96,96.42,25.0,0.1244,234.53,1.0
26.0,91.0,10.0,0.0,0.0,13.0,21.84,34.3,10.387,11.63,0.0,63.01,35.9,1.08,78.97,24.0,0.1496,83.01,1.0
53.0,40.0,5.0,0.0,0.0,11.0,17.82,26.35,10.019,8.36,0.0,71.09,28.72,0.19,88.37,66.0,0.3459,40.58,1.0
55.0,122.0,21.0975,2.0,1.0,10.0,28.11,30.69,8.49,10.49,0.0,16.47,61.55,21.98,79.83,47.0,0.2691,147.97,0.0
42.0,328.0,42.195,0.0,0.0,12.0,42.62,60.27,7.446,17.6,2.0,63.71,21.26,15.03,82.53,45.0,0.2633,258.09,1.0
29.0,39.0,10.0,1.0,0.0,14.0,19.98,27.12,9.229,8.1,0.0,59.22,33.08,7.7,73.91,66.0,0.2358,58.57,0.0
47.0,188.0,21.0975,0.0,0.0,20.0,23.63,28.44,9.716,9.08,0.0,78.06,11.2,10.74,65.41,55.0,0.1649,191.15,1.0
53.0,58.0,10.0,2.0,0.0,10.0,24.43,29.07,7.312,10.72,0.0,52.32,27.61,20.07,53.59,52.0,0.0763,60.8,1.0
28.0,355.0,42.195,0.0,2.0,19.0,39.33,48.08,9.713,13.23,0.0,68.57,20.05,11.39,85.42,78.0,0.3977,302.77,1.0
26.0,26.0,5.0,0.0,2.0,10.0,11.19,14.72,10.98,6.1,0.0,71.01,27.88,1.11,87.3,73.0,0.1735,32.07,0.0
26.0,54.0,10.0,1.0,1.0,10.0,23.46,29.51,8.799,7.82,0.0,60.37,32.93,6.7,92.11,83.0,0.1812,70.91,0.0
41.0,163.0,21.0975,0.0,0.0,17.0,25.34,28.83,9.901,15.29,0.0,62.73,15.29,21.97,98.3,34.0,0.1994,161.67,1.0
53.0,204.0,21.0975,2.0,2.0,20.0,34.0,38.24,7.48,12.44,0.0,72.1,15.35,12.55,74.52,41.0,0.3964,185.78,1.0
35.0,37.0,5.0,0.0,0.0,10.0,18.7,29.6,9.04,7.79,0.0,77.65,17.32,5.04,86.53,66.0,0.2341,41.07,0.0
34.0,58.0,10.0,0.0,0.0,10.0,11.23,15.12,12.631,6.46,0.0,76.82,19.75,3.43,50.26,47.0,0.2723,70.89,0.0
22.0,73.0,10.0,0.0,0.0,16.0,30.02,34.15,9.696,8.81,0.0,84.58,0.55,14.86,100.0,59.0,0.1829,74.62,1.0
36.0,199.0,21.0975,0.0,0.0,15.0,22.71,30.14,9.949,9.56,0.0,83.42,10.44,6.14,98.6,40.0,0.3074,192.37,1.0
51.0,25.0,5.0,1.0,0.0,8.0,12.86,14.95,10.424,5.48,0.0,84.84,2.1,13.06,100.0,30.0,0.0618,33.64,0.0
46.0,20.0,5.0,2.0,0.0,12.0,12.37,14.64,9.013,5.92,0.0,74.3,20.57,5.14,82.45,44.0,0.4072,27.53,0.0
44.0,379.0,42.195,2.0,0.0,16.0,42.64,58.5,6.964,17.31,0.0,95.69,0.0,4.31,92.05,43.0,0.3562,290.25,1.0
48.0,23.0,5.0,0.0,0.0,10.0,11.4,18.07,10.433,4.54,0.0,56.13,38.13,5.74,76.79,78.0,0.1645,30.53,0.0
48.0,36.0,5.0,1.0,2.0,14.0,21.42,28.82,9.96,8.27,0.0,56.46,19.72,23.82,79.41,73.0,0.4158,37.89,1.0
28.0,78.0,10.0,0.0,0.0,8.0,12.69,17.7,10.365,11.34,0.0,67.51,20.17,12.32,89.24,29.0,0.2244,78.78,1.0
47.0,44.0,5.0,0.0,0.0,13.0,16.97,23.12,9.831,7.89,0.0,84.03,5.38,10.59,71.37,69.0,0.0506,43.15,1.0
33.0,117.0,21.0975,0.0,2.0,20.0,18.98,21.58,10.617,9.62,0.0,73.03,2.73,24.23,80.18,74.0,0.3671,138.9,0.0
35.0,126.0,21.0975,0.0,0.0,13.0,17.89,25.76,10.697,10.98,0.0,72.7,7.54,19.75,70.8,30.0,0.153,147.85,0.0
26.0,269.0,42.195,2.0,0.0,20.0,27.83,34.26,8.037,16.5,4.0,66.32,12.87,20.81,75.9,43.0,0.1219,229.67,1.0
43.0,41.0,5.0,0.0,2.0,10.0,9.93,13.86,10.879,5.3,0.0,59.03,23.08,17.89,92.76,30.0,0.2277,44.67,0.0
40.0,159.0,21.0975,1.0,0.0,11.0,21.23,30.98,9.413,10.48,0.0,54.37,27.12,18.51,93.08,42.0,0.253,157.3,1.0
29.0,43.0,5.0,1.0,0.0,10.0,24.79,29.37,7.76,6.57,0.0,59.61,21.1,19.29,81.16,87.0,0.1829,42.6,1.0
40.0,30.0,5.0,0.0,0.0,6.0,10.07,16.02,11.548,8.36,0.0,77.15,3.91,18.94,90.76,63.0,0.4032,37.28,0.0
46.0,152.0,21.0975,0.0,0.0,10.0,16.93,20.08,11.442,15.24,0.0,56.58,27.15,16.27,72.18,74.0,0.0436,169.05,0.0
27.0,300.0,42.195,2.0,1.0,13.0,43.35,50.07,6.513,17.55,4.0,30.6,50.44,18.96,84.91,51.0,0.2199,204.31,1.0
49.0,199.0,21.0975,0.0,2.0,13.0,36.78,48.11,8.262,15.31,0.0,98.85,0.0,1.15,100.0,54.0,0.0341,181.88,1.0
54.0,158.0,21.0975,2.0,0.0,17.0,37.25,49.8,6.5,8.22,0.0,72.89,25.77,1.33,97.65,68.0,0.4997,153.94,1.0
44.0,200.0,21.0975,0.0,0.0,20.0,23.43,32.86,10.518,14.69,0.0,75.13,11.7,13.17,81.4,58.0,0.2242,187.68,1.0
42.0,204.0,42.195,0.0,0.0,12.0,41.44,49.11,10.15,19.83,2.0,58.69,29.56,11.75,76.22,87.0,0.1283,205.56,1.0
51.0,161.0,21.0975,1.0,2.0,12.0,38.17,43.31,7.715,15.93,0.0,59.56,26.34,14.1,90.37,73.0,0.2141,143.84,1.0
23.0,66.0,10.0,0.0,2.0,12.0,23.51,34.85,9.273,11.89,0.0,73.41,8.36,18.23,87.06,86.0,0.1836,74.36,0.0
48.0,72.0,10.0,1.0,0.0,11.0,29.17,35.85,6.719,9.52,0.0,40.07,47.39,12.54,86.22,37.0,0.1339,76.61,1.0
51.0,92.0,10.0,0.0,0.0,9.0,28.41,33.0,10.788,10.28,0.0,61.92,32.1,5.98,87.63,41.0,0.0852,85.43,0.0
44.0,75.0,10.0,1.0,0.0,11.0,26.39,31.95,8.356,10.73,0.0,64.2,34.83,0.97,85.67,86.0,0.3078,76.04,1.0
55.0,178.0,21.0975,0.0,0.0,13.0,43.2,50.0,7.812,13.13,0.0,79.12,20.61,0.27,88.63,54.0,0.049,167.59,1.0
48.0,86.0,10.0,1.0,2.0,9.0,25.4,32.2,8.922,8.37,0.0,58.07,36.18,5.75,60.56,91.0,0.1341,82.71,1.0
45.0,50.0,10.0,1.0,2.0,15.0,20.37,25.18,9.832,10.68,0.0,57.74,20.82,21.43,97.43,33.0,0.1588,66.85,0.0
27.0,172.0,21.0975,2.0,2.0,19.0,35.02,45.63,6.631,10.17,0.0,73.8,15.33,10.87,69.46,43.0,0.1244,162.06,1.0
47.0,26.0,5.0,1.0,0.0,9.0,19.6,28.86,8.331,7.81,0.0,62.25,26.97,10.78,85.78,68.0,0.245,30.42,0.0
55.0,26.0,5.0,0.0,1.0,10.0,7.3,11.24,11.469,7.86,0.0,26.69,61.82,11.5,79.56,46.0,0.4413,39.23,0.0
27.0,40.0,5.0,2.0,1.0,7.0,7.74,10.71,9.771,4.85,0.0,48.62,40.45,10.94,94.82,57.0,0.273,44.88,0.0
31.0,335.0,42.195,0.0,1.0,12.0,22.86,28.0,11.744,18.6,0.0,64.19,34.14,1.67,82.68,34.0,0.0898,331.05,1.0
36.0,39.0,5.0,1.0,2.0,11.0,14.43,22.27,10.191,7.4,0.0,54.77,38.59,6.64,87.26,53.0,0.2786,42.95,0.0
39.0,40.0,5.0,0.0,0.0,9.0,18.01,24.5,8.943,7.47,0.0,77.59,10.86,11.55,47.19,23.0,0.1064,42.87,0.0
23.0,420.0,42.195,0.0,0.0,20.0,27.85,40.62,10.502,16.57,3.0,75.72,7.94,16.33,90.19,30.0,0.1823,361.6,1.0
41.0,57.0,10.0,0.0,1.0,13.0,19.93,28.84,11.143,10.85,0.0,50.01,34.22,15.77,76.24,87.0,0.1747,79.64,0.0
54.0,53.0,10.0,1.0,1.0,15.0,16.28,24.13,9.678,11.85,0.0,44.66,44.59,10.75,72.92,72.0,0.1606,66.96,0.0
33.0,262.0,42.195,1.0,0.0,20.0,48.73,56.96,8.167,17.99,2.0,65.0,21.21,13.79,78.98,52.0,0.2152,203.77,1.0
36.0,125.0,21.0975,1.0,0.0,16.0,27.13,31.27,8.916,11.73,0.0,84.42,13.82,1.77,82.43,55.0,0.2211,129.54,1.0
45.0,34.0,5.0,0.0,1.0,7.0,16.39,26.0,10.864,8.61,0.0,41.05,36.89,22.06,92.2,80.0,0.3273,40.97,0.0
28.0,252.0,42.195,0.0,0.0,17.0,25.67,28.05,9.798,21.74,2.0,51.6,27.18,21.22,70.76,54.0,0.2342,260.42,1.0
24.0,69.0,10.0,1.0,0.0,14.0,20.27,28.85,9.26,8.85,0.0,86.99,11.95,1.05,85.07,87.0,0.07,77.15,0.0
42.0,166.0,21.0975,0.0,0.0,14.0,15.61,20.01,11.783,14.65,0.0,67.11,16.15,16.74,52.82,79.0,0.2073,171.52,1.0
45.0,222.0,42.195,0.0,1.0,14.0,52.39,64.45,8.499,15.77,4.0,29.93,65.33,4.74,87.25,51.0,0.1095,222.52,1.0
55.0,22.0,5.0,0.0,0.0,12.0,18.91,24.67,10.685,4.58,0.0,59.36,22.06,18.58,71.36,86.0,0.1582,29.53,0.0
53.0,283.0,42.195,0.0,0.0,21.0,47.05,53.87,8.108,16.95,0.0,68.44,28.31,3.25,65.68,57.0,0.0684,239.83,1.0
53.0,144.0,21.0975,2.0,0.0,10.0,31.35,43.83,7.756,14.55,0.0,95.37,4.0,0.62,79.62,51.0,0.1158,144.53,1.0
49.0,250.0,42.195,0.0,0.0,18.0,59.73,69.53,7.32,19.75,2.0,82.2,4.85,12.95,100.0,85.0,0.2256,183.67,1.0
49.0,19.0,5.0,1.0,0.0,13.0,19.56,29.46,8.784,6.41,0.0,43.21,42.36,14.43,75.31,60.0,0.091,24.31,0.0
33.0,398.0,42.195,2.0,1.0,17.0,34.7,40.39,7.762,19.41,1.0,40.19,42.86,16.95,100.0,43.0,0.0518,291.2,1.0
22.0,88.0,10.0,1.0,0.0,14.0,22.48,27.91,8.829,11.84,0.0,94.22,3.8,1.98,84.31,84.0,0.191,92.52,1.0
49.0,107.0,21.0975,1.0,0.0,13.0,22.95,29.26,10.056,14.98,0.0,61.52,27.7,10.79,86.65,72.0,0.2,130.14,0.0
24.0,198.0,42.195,0.0,0.0,18.0,21.98,30.45,11.077,19.39,1.0,66.41,17.5,16.09,76.79,54.0,0.0885,229.52,0.0
52.0,124.0,21.0975,0.0,2.0,12.0,27.43,34.15,11.106,15.67,0.0,70.87,21.14,7.99,65.43,35.0,0.1892,138.79,0.0
55.0,146.0,21.0975,2.0,0.0,13.0,35.27,41.04,6.904,12.6,0.0,84.01,0.68,15.31,67.43,38.0,0.211,143.43,1.0
31.0,46.0,10.0,0.0,0.0,14.0,19.45,27.59,10.612,9.43,0.0,67.02,25.51,7.47,70.54,33.0,0.2488,56.14,0.0
47.0,122.0,21.0975,0.0,0.0,17.0,41.68,48.67,8.936,10.64,0.0,78.51,5.99,15.51,84.55,36.0,0.1637,122.49,1.0
29.0,63.0,10.0,0.0,0.0,9.0,20.2,29.76,10.554,10.18,0.0,80.67,6.15,13.18,82.43,51.0,0.1607,70.24,0.0
29.0,162.0,21.0975,0.0,0.0,15.0,27.95,33.65,9.803,12.72,0.0,59.04,25.13,15.83,85.48,87.0,0.2374,166.56,1.0
22.0,124.0,21.0975,1.0,0.0,19.0,36.43,45.02,7.635,13.84,0.0,61.72,34.36,3.92,100.0,89.0,0.1778,125.67,1.0
31.0,161.0,21.0975,1.0,0.0,13.0,32.96,41.94,7.31,15.21,0.0,29.61,47.19,23.2,73.67,62.0,0.134,144.69,1.0
53.0,105.0,21.0975,0.0,1.0,12.0,26.71,29.61,10.306,14.95,0.0,48.18,30.03,21.78,92.55,53.0,0.054,122.74,0.0
29.0,321.0,42.195,1.0,0.0,16.0,50.52,55.9,6.837,20.34,4.0,73.41,15.23,11.36,64.79,45.0,0.1219,221.92,1.0
28.0,181.0,21.0975,0.0,0.0,20.0,34.41,40.74,9.437,9.55,0.0,69.54,22.67,7.79,88.81,59.0,0.2146,171.22,1.0
26.0,21.0,5.0,0.0,0.0,6.0,17.77,26.01,9.462,6.12,0.0,69.85,10.57,19.58,67.88,21.0,0.3027,29.15,0.0
35.0,31.0,5.0,1.0,0.0,11.0,18.76,29.97,9.488,8.48,0.0,64.46,18.05,17.49,82.3,55.0,0.1127,33.69,1.0
24.0,156.0,21.0975,0.0,0.0,12.0,38.89,49.1,9.076,8.43,0.0,83.56,0.0,16.44,78.41,32.0,0.4211,157.3,1.0
23.0,207.0,42.195,0.0,0.0,20.0,36.46,40.34,11.195,19.47,0.0,73.81,5.98,20.2,100.0,64.0,0.1585,226.7,0.0
41.0,31.0,5.0,0.0,1.0,7.0,22.75,28.41,9.474,7.89,0.0,37.79,39.4,22.8,85.19,35.0,0.2177,39.36,0.0
52.0,77.0,10.0,0.0,2.0,8.0,24.58,32.04,9.916,11.17,0.0,75.15,24.52,0.33,68.89,22.0,0.4329,83.58,0.0
55.0,125.0,21.0975,1.0,0.0,10.0,23.85,33.43,8.546,11.49,0.0,69.59,22.9,7.5,84.84,23.0,0.2037,149.55,0.0
45.0,102.0,21.0975,0.0,0.0,16.0,26.06,39.28,8.165,10.71,0.0,60.6,31.47,7.93,91.55,38.0,0.1564,114.67,0.0
52.0,31.0,5.0,2.0,0.0,11.0,14.53,19.19,9.927,5.08,0.0,70.42,23.73,5.84,57.76,43.0,0.2127,34.09,0.0
54.0,69.0,10.0,0.0,0.0,14.0,13.72,21.01,11.691,6.2,0.0,85.26,10.81,3.93,71.15,46.0,0.365,77.59,0.0
44.0,26.0,5.0,1.0,0.0,11.0,14.81,21.74,6.693,5.57,0.0,50.95,24.56,24.49,69.64,87.0,0.2901,31.83,0.0
54.0,303.0,42.195,1.0,0.0,20.0,55.87,68.18,7.787,15.37,3.0,61.36,21.59,17.05,97.49,83.0,0.1066,219.18,1.0
50.0,265.0,42.195,1.0,2.0,17.0,29.83,38.35,8.843,20.59,3.0,72.39,23.45,4.16,83.26,73.0,0.1547,233.72,1.0
50.0,305.0,42.195,0.0,2.0,22.0,35.37,47.45,9.944,21.0,1.0,54.22,22.9,22.88,86.97,31.0,0.1503,249.27,1.0
49.0,155.0,21.0975,1.0,0.0,12.0,37.21,49.33,7.464,14.79,0.0,52.06,30.31,17.63,68.53,76.0,0.2191,162.8,1.0
47.0,253.0,42.195,1.0,0.0,17.0,56.66,63.32,7.242,15.62,3.0,49.58,35.47,14.95,87.72,42.0,0.1339,219.68,1.0
30.0,55.0,10.0,0.0,2.0,11.0,16.25,24.97,10.168,6.84,0.0,61.85,29.45,8.7,67.15,86.0,0.2667,72.35,0.0
41.0,199.0,21.0975,0.0,0.0,10.0,14.45,20.06,11.185,9.22,0.0,59.32,36.56,4.13,99.86,45.0,0.5319,192.59,1.0
45.0,48.0,10.0,1.0,2.0,10.0,14.33,18.48,10.419,7.32,0.0,71.13,25.65,3.22,93.32,61.0,0.2915,61.57,0.0
45.0,130.0,21.0975,1.0,0.0,15.0,28.34,36.25,8.839,10.42,0.0,70.57,19.68,9.75,66.24,25.0,0.1521,137.19,0.0
22.0,198.0,21.0975,2.0,1.0,20.0,22.27,24.5,7.006,13.54,0.0,42.91,37.11,19.97,90.91,83.0,0.236,188.38,1.0
40.0,153.0,21.0975,0.0,0.0,15.0,21.77,25.41,12.149,9.87,0.0,60.04,32.94,7.01,80.53,65.0,0.1977,161.57,1.0
29.0,75.0,10.0,2.0,0.0,10.0,26.09,36.23,7.138,6.5,0.0,85.94,0.0,14.06,79.26,64.0,0.2017,77.78,1.0
24.0,150.0,21.0975,1.0,0.0,12.0,32.18,41.39,9.345,12.65,0.0,54.15,23.56,22.28,74.71,82.0,0.198,156.56,1.0
48.0,41.0,5.0,1.0,0.0,8.0,20.74,25.25,9.359,8.42,0.0,69.7,27.13,3.17,100.0,40.0,0.1031,41.9,1.0
34.0,61.0,10.0,0.0,1.0,10.0,15.17,22.68,12.336,7.39,0.0,40.53,47.89,11.58,70.27,23.0,0.216,79.17,0.0
42.0,23.0,5.0,0.0,0.0,8.0,11.57,16.55,11.664,4.5,0.0,77.25,19.39,3.36,100.0,57.0,0.187,31.05,0.0
28.0,109.0,21.0975,0.0,0.0,20.0,35.48,39.59,9.066,11.9,0.0,48.51,31.03,20.46,99.13,90.0,0.1704,126.04,0.0
40.0,52.0,10.0,1.0,2.0,13.0,21.34,23.94,10.155,11.18,0.0,59.74,23.17,17.1,78.21,77.0,0.3505,66.76,1.0
27.0,147.0,21.0975,1.0,0.0,18.0,17.4,24.34,9.26,13.02,0.0,70.01,8.25,21.74,75.07,55.0,0.1908,142.91,1.0
53.0,37.0,5.0,2.0,0.0,13.0,11.83,15.13,7.718,8.49,0.0,70.48,6.13,23.39,83.68,68.0,0.2213,37.65,1.0
23.0,76.0,10.0,0.0,0.0,13.0,31.31,36.13,9.37,7.93,0.0,60.27,15.57,24.16,65.67,82.0,0.0914,83.51,1.0
27.0,119.0,21.0975,1.0,0.0,16.0,25.82,35.36,9.338,11.77,0.0,60.19,20.14,19.67,100.0,43.0,0.2426,142.54,0.0
34.0,170.0,21.0975,0.0,0.0,20.0,17.19,22.18,11.034,10.65,0.0,81.17,9.05,9.78,85.63,60.0,0.1574,162.08,1.0
33.0,31.0,5.0,1.0,0.0,6.0,17.98,25.23,8.577,5.35,0.0,85.8,10.57,3.63,83.21,89.0,0.1512,32.19,1.0
33.0,104.0,21.0975,0.0,1.0,10.0,28.71,35.67,9.731,9.99,0.0,38.53,37.36,24.11,72.1,58.0,0.2661,140.1,0.0
53.0,401.0,42.195,1.0,0.0,19.0,33.6,45.55,6.968,12.76,2.0,51.11,31.29,17.6,79.51,48.0,0.1043,315.84,1.0
22.0,193.0,42.195,0.0,0.0,17.0,32.16,36.63,10.397,19.94,3.0,66.79,25.18,8.04,81.54,77.0,0.2583,234.13,0.0
30.0,39.0,10.0,0.0,2.0,15.0,31.56,37.4,8.596,7.74,0.0,88.84,3.72,7.43,85.3,63.0,0.2128,54.3,0.0
34.0,23.0,5.0,2.0,0.0,10.0,12.39,18.29,7.866,6.68,0.0,66.91,12.13,20.96,83.53,90.0,0.0942,25.23,0.0
37.0,139.0,21.0975,1.0,0.0,14.0,15.9,21.82,9.063,14.52,0.0,72.39,3.22,24.39,75.87,59.0,0.2345,147.21,1.0
49.0,207.0,21.0975,0.0,0.0,10.0,39.46,47.77,8.905,13.21,0.0,67.36,21.1,11.54,89.86,42.0,0.0537,163.76,1.0
50.0,136.0,21.0975,1.0,0.0,10.0,14.25,21.47,11.056,13.32,0.0,68.53,10.14,21.33,77.44,88.0,0.1438,156.77,0.0
41.0,325.0,42.195,0.0,1.0,20.0,35.93,41.85,9.899,14.64,3.0,24.13,62.26,13.61,75.4,74.0,0.0963,295.66,1.0
27.0,411.0,42.195,2.0,0.0,16.0,32.38,35.3,9.133,20.91,1.0,65.62,24.77,9.61,89.97,65.0,0.1387,287.32,1.0
22.0,71.0,10.0,0.0,0.0,11.0,18.96,25.04,10.738,10.52,0.0,83.76,15.54,0.71,100.0,31.0,0.1543,76.31,1.0
35.0,197.0,21.0975,0.0,1.0,18.0,26.6,32.42,10.144,11.88,0.0,61.31,32.5,6.19,56.35,27.0,0.0465,202.5,1.0
35.0,177.0,21.0975,2.0,0.0,11.0,31.39,40.13,7.118,13.86,0.0,81.51,1.98,16.5,73.27,62.0,0.222,160.09,1.0
43.0,416.0,42.195,1.0,0.0,22.0,42.28,51.51,7.299,12.65,0.0,56.1,28.99,14.92,76.08,84.0,0.0196,347.96,1.0
51.0,23.0,5.0,1.0,0.0,8.0,18.62,29.58,10.517,6.73,0.0,88.45,0.0,11.55,100.0,91.0,0.2412,30.01,0.0
25.0,72.0,10.0,0.0,0.0,9.0,12.47,18.0,11.35,10.93,0.0,75.91,17.96,6.13,98.94,68.0,0.3002,75.4,1.0
27.0,65.0,10.0,2.0,0.0,13.0,16.96,22.44,8.764,11.67,0.0,52.39,39.95,7.66,84.47,28.0,0.2559,73.95,0.0
24.0,67.0,10.0,0.0,1.0,11.0,17.71,21.93,12.04,10.59,0.0,58.83,37.74,3.43,82.84,82.0,0.0093,75.17,0.0
46.0,26.0,5.0,1.0,0.0,10.0,19.89,22.79,8.773,8.03,0.0,91.68,0.69,7.63,86.71,89.0,0.0805,31.82,0.0
52.0,67.0,10.0,1.0,2.0,8.0,17.24,19.19,10.036,8.15,0.0,66.85,30.06,3.1,73.15,27.0,0.2183,70.36,0.0
54.0,186.0,21.0975,0.0,0.0,17.0,31.98,40.56,9.354,15.15,0.0,68.49,15.43,16.09,76.16,80.0,0.2846,182.87,0.0
41.0,271.0,42.195,0.0,0.0,17.0,42.23,52.77,8.128,16.82,2.0,67.76,27.45,4.79,84.9,45.0,0.0441,231.25,1.0
46.0,106.0,21.0975,1.0,0.0,13.0,24.86,31.73,9.753,11.26,0.0,59.63,36.93,3.44,79.76,22.0,0.0154,126.29,0.0
32.0,253.0,42.195,2.0,0.0,17.0,46.54,64.42,6.5,21.28,0.0,90.1,8.78,1.12,75.26,90.0,0.1201,214.57,1.0
28.0,304.0,42.195,2.0,0.0,23.0,23.13,33.42,8.143,19.2,0.0,62.61,33.69,3.7,76.8,34.0,0.1627,259.35,0.0
41.0,39.0,5.0,2.0,0.0,8.0,21.63,25.44,7.957,7.72,0.0,63.98,17.82,18.19,68.33,68.0,0.1568,37.78,1.0
37.0,371.0,42.195,0.0,0.0,24.0,36.22,40.57,9.003,16.94,1.0,90.82,7.19,1.99,82.26,26.0,0.1119,284.15,1.0
44.0,270.0,42.195,0.0,0.0,16.0,46.99,60.07,8.725,18.43,0.0,70.04,9.92,20.04,76.14,73.0,0.1824,233.09,1.0
29.0,145.0,21.0975,0.0,0.0,17.0,18.54,23.71,12.067,15.69,0.0,68.55,23.32,8.13,80.38,29.0,0.1707,156.37,0.0
48.0,300.0,42.195,0.0,0.0,15.0,23.47,31.92,10.198,19.2,0.0,79.52,9.79,10.69,78.28,41.0,0.062,293.77,1.0
29.0,127.0,21.0975,1.0,0.0,16.0,36.69,41.72,7.762,9.84,0.0,79.67,3.93,16.4,76.69,28.0,0.2711,136.6,0.0
55.0,63.0,10.0,1.0,0.0,14.0,12.93,20.31,8.787,9.02,0.0,70.17,9.52,20.31,91.45,45.0,0.2963,65.26,1.0
38.0,27.0,5.0,2.0,0.0,7.0,17.38,28.15,7.122,7.76,0.0,87.14,9.49,3.36,66.67,41.0,0.28,30.24,0.0
28.0,270.0,42.195,2.0,2.0,24.0,49.2,53.94,6.781,16.8,3.0,60.02,18.93,21.05,87.82,84.0,0.1227,232.33,1.0
25.0,20.0,5.0,0.0,2.0,8.0,15.91,18.38,11.637,8.3,0.0,97.32,2.42,0.25,92.78,53.0,0.2328,27.32,0.0
35.0,277.0,42.195,2.0,0.0,13.0,30.72,43.76,7.536,12.48,4.0,48.18,30.31,21.51,97.5,43.0,0.2827,220.21,1.0
22.0,192.0,42.195,1.0,0.0,15.0,27.01,32.25,8.962,15.83,2.0,70.49,24.38,5.12,93.02,66.0,0.239,221.12,0.0
40.0,149.0,21.0975,1.0,0.0,19.0,18.25,27.32,8.636,8.6,0.0,88.13,8.69,3.18,72.44,81.0,0.1987,154.55,1.0
27.0,141.0,21.0975,0.0,0.0,17.0,19.29,21.66,10.989,13.56,0.0,69.46,28.69,1.84,73.67,67.0,0.0988,155.29,0.0
43.0,44.0,10.0,1.0,1.0,11.0,18.43,24.78,7.522,7.36,0.0,47.1,31.4,21.5,67.83,81.0,0.1211,58.48,0.0
22.0,144.0,21.0975,0.0,1.0,19.0,39.89,48.21,8.716,9.31,0.0,67.99,31.42,0.59,92.71,39.0,0.0964,165.76,0.0
54.0,20.0,5.0,1.0,0.0,6.0,14.93,19.09,9.561,4.61,0.0,48.83,29.68,21.49,67.56,60.0,0.5493,27.55,0.0
49.0,130.0,21.0975,1.0,0.0,15.0,37.89,43.49,9.261,12.62,0.0,75.26,20.79,3.95,88.21,48.0,0.3255,134.5,1.0
36.0,60.0,10.0,0.0,0.0,10.0,20.12,25.47,11.649,8.65,0.0,68.25,28.68,3.07,78.22,35.0,0.2195,71.84,0.0
55.0,136.0,21.0975,0.0,0.0,12.0,43.04,49.08,11.354,11.23,0.0,81.21,15.41,3.38,83.19,84.0,0.0897,141.45,1.0
35.0,250.0,42.195,1.0,2.0,21.0,52.09,63.03,8.104,12.38,0.0,66.31,13.76,19.93,82.14,81.0,0.1849,220.18,1.0
38.0,236.0,42.195,0.0,0.0,13.0,43.04,59.76,7.646,12.65,0.0,42.91,38.98,18.11,80.48,48.0,0.0752,232.89,1.0
40.0,94.0,10.0,2.0,0.0,13.0,28.47,35.46,6.958,6.7,0.0,61.88,33.09,5.03,95.1,58.0,0.0815,81.63,1.0
51.0,111.0,21.0975,1.0,0.0,14.0,21.2,28.25,9.592,15.11,0.0,51.68,26.89,21.43,73.4,44.0,0.123,143.72,0.0
37.0,38.0,5.0,0.0,0.0,7.0,8.71,10.1,10.871,8.52,0.0,50.65,28.51,20.83,61.71,76.0,0.467,43.11,0.0
39.0,202.0,42.195,0.0,0.0,15.0,49.99,61.9,8.8,12.38,3.0,74.14,10.44,15.42,97.39,73.0,0.1337,193.63,1.0
27.0,387.0,42.195,0.0,0.0,20.0,48.96,61.29,9.271,21.95,2.0,59.76,20.39,19.84,85.7,32.0,0.0799,279.69,1.0
53.0,344.0,42.195,0.0,1.0,23.0,46.29,65.72,8.302,21.97,2.0,26.71,49.36,23.93,68.49,21.0,0.541,277.39,1.0
46.0,23.0,5.0,1.0,0.0,14.0,9.95,11.79,9.751,4.05,0.0,94.78,1.96,3.26,73.68,48.0,0.1573,27.83,0.0
33.0,19.0,5.0,2.0,0.0,13.0,9.52,11.6,7.924,8.4,0.0,75.63,16.88,7.49,100.0,67.0,0.0744,24.75,0.0
43.0,59.0,10.0,0.0,0.0,15.0,16.7,23.27,11.787,10.05,0.0,51.37,29.03,19.6,90.48,62.0,0.2973,71.15,0.0
30.0,78.0,10.0,1.0,0.0,16.0,12.23,15.5,10.6,6.9,0.0,66.82,32.91,0.27,68.8,22.0,0.2159,84.65,0.0
34.0,231.0,42.195,2.0,0.0,15.0,53.99,68.47,6.5,20.35,1.0,67.53,28.0,4.47,95.78,72.0,0.0422,162.77,1.0
42.0,85.0,10.0,0.0,0.0,16.0,24.86,30.43,9.694,8.89,0.0,86.76,4.18,9.06,77.12,41.0,0.1442,88.97,1.0
41.0,172.0,21.0975,0.0,2.0,11.0,18.05,22.15,12.272,8.76,0.0,54.38,29.94,15.68,89.18,88.0,0.2051,186.36,0.0
40.0,203.0,42.195,0.0,0.0,21.0,51.24,64.91,7.324,14.52,3.0,52.43,22.78,24.79,95.41,58.0,0.0382,196.6,1.0
47.0,404.0,42.195,2.0,1.0,17.0,39.47,46.98,6.5,12.23,2.0,46.8,48.95,4.25,79.27,35.0,0.0803,308.19,1.0
42.0,291.0,42.195,1.0,2.0,12.0,50.85,68.08,6.5,13.73,3.0,62.25,25.12,12.63,98.91,56.0,0.1058,228.66,1.0
23.0,47.0,10.0,1.0,1.0,8.0,29.31,33.0,7.084,10.44,0.0,40.5,48.29,11.21,83.04,65.0,0.2484,63.96,0.0
39.0,75.0,10.0,1.0,1.0,13.0,18.27,20.52,10.785,7.29,0.0,21.18,66.57,12.26,87.64,29.0,0.2703,84.09,0.0
48.0,79.0,10.0,2.0,0.0,13.0,18.65,28.72,8.611,9.93,0.0,68.13,26.6,5.26,79.87,29.0,0.1758,77.62,1.0
34.0,45.0,10.0,1.0,0.0,10.0,14.26,18.87,9.454,7.74,0.0,74.69,13.77,11.53,83.99,73.0,0.2185,62.14,0.0
31.0,86.0,10.0,2.0,0.0,16.0,12.68,16.92,8.951,7.08,0.0,64.55,17.62,17.82,66.84,35.0,0.0992,78.38,1.0
28.0,161.0,21.0975,1.0,2.0,11.0,14.29,20.63,9.72,12.8,0.0,60.66,30.9,8.44,77.23,81.0,0.1541,157.98,1.0
33.0,412.0,42.195,1.0,0.0,19.0,27.75,34.97,8.214,20.22,2.0,50.19,25.75,24.05,84.0,79.0,0.1345,326.55,1.0
39.0,95.0,21.0975,1.0,0.0,13.0,36.37,41.01,6.989,10.4,0.0,77.47,18.45,4.08,96.8,65.0,0.1098,119.75,1.0
25.0,39.0,5.0,0.0,0.0,14.0,16.31,19.71,10.777,7.25,0.0,62.66,16.17,21.18,65.45,79.0,0.1484,42.79,0.0
22.0,72.0,10.0,1.0,0.0,11.0,19.01,25.64,9.967,8.52,0.0,76.2,15.9,7.9,68.31,55.0,0.1874,73.08,1.0
35.0,302.0,42.195,2.0,0.0,15.0,48.61,56.21,7.914,16.72,4.0,91.29,8.16,0.55,87.9,51.0,0.1791,218.67,1.0
24.0,159.0,21.0975,1.0,1.0,19.0,28.78,36.1,9.234,13.19,0.0,45.21,48.58,6.21,99.56,70.0,0.06,167.45,0.0
30.0,25.0,5.0,0.0,0.0,8.0,9.73,11.82,11.552,6.58,0.0,68.55,18.71,12.74,70.76,87.0,0.1406,34.71,0.0
41.0,312.0,42.195,1.0,0.0,18.0,26.08,33.36,9.473,14.81,3.0,78.29,19.72,1.99,78.37,69.0,0.1621,265.49,1.0
41.0,269.0,42.195,0.0,0.0,12.0,26.63,34.18,11.79,16.54,4.0,51.65,32.68,15.67,97.55,56.0,0.111,258.08,1.0
35.0,334.0,42.195,1.0,0.0,16.0,29.87,33.44,9.52,21.81,4.0,82.33,15.51,2.16,81.52,25.0,0.3722,283.22,1.0
55.0,74.0,10.0,0.0,1.0,12.0,15.64,25.02,10.581,10.25,0.0,67.08,30.71,2.21,73.05,46.0,0.2125,87.78,0.0
49.0,208.0,21.0975,1.0,0.0,20.0,26.07,32.12,9.113,11.45,0.0,64.67,26.37,8.96,85.31,36.0,0.0109,193.78,1.0
35.0,214.0,42.195,1.0,0.0,24.0,44.13,62.06,6.669,16.18,1.0,47.13,37.13,15.75,83.75,34.0,0.3393,183.02,1.0
33.0,75.0,10.0,1.0,2.0,13.0,12.04,18.59,9.371,9.79,0.0,52.43,29.2,18.37,85.14,80.0,0.3049,78.2,1.0
44.0,377.0,42.195,0.0,1.0,13.0,24.65,28.75,11.026,18.06,1.0,44.37,37.44,18.18,90.3,28.0,0.1738,347.66,1.0
23.0,138.0,21.0975,1.0,0.0,17.0,26.33,39.81,7.048,9.76,0.0,79.08,18.93,1.99,100.0,32.0,0.2674,151.15,0.0
24.0,148.0,21.0975,1.0,1.0,17.0,29.42,41.99,7.93,10.59,0.0,30.97,46.22,22.81,50.6,47.0,0.1702,147.92,1.0
25.0,38.0,5.0,0.0,0.0,10.0,18.51,24.53,11.138,8.64,0.0,62.89,18.31,18.8,80.23,78.0,0.0329,42.07,0.0
53.0,322.0,42.195,0.0,0.0,24.0,48.69,66.44,8.3,18.75,1.0,64.73,35.01,0.26,83.3,81.0,0.1801,247.45,1.0
55.0,27.0,5.0,0.0,0.0,14.0,10.02,16.22,9.676,5.95,0.0,78.8,15.85,5.34,84.33,71.0,0.2566,30.43,0.0
29.0,20.0,5.0,0.0,0.0,8.0,18.02,23.12,9.736,4.61,0.0,55.07,20.18,24.75,80.64,87.0,0.2743,25.57,0.0
33.0,20.0,5.0,0.0,2.0,9.0,7.38,11.68,9.909,6.18,0.0,59.62,19.23,21.16,100.0,33.0,0.2526,30.98,0.0
41.0,154.0,21.0975,0.0,0.0,10.0,21.53,23.41,11.0,13.76,0.0,41.85,36.46,21.7,74.67,55.0,0.0668,176.89,0.0
46.0,193.0,21.0975,0.0,0.0,16.0,20.87,22.82,10.73,9.02,0.0,85.63,0.0,14.37,87.69,89.0,0.1279,189.6,1.0
54.0,308.0,42.195,1.0,0.0,24.0,21.42,28.07,8.343,20.4,3.0,83.49,16.49,0.03,86.14,88.0,0.0186,265.82,1.0
26.0,33.0,5.0,1.0,0.0,13.0,7.18,11.09,10.1,7.15,0.0,53.01,29.8,17.19,82.03,27.0,0.412,38.34,0.0
30.0,178.0,21.0975,2.0,2.0,13.0,22.95,25.47,8.906,13.7,0.0,30.25,45.69,24.06,57.91,61.0,0.039,178.61,1.0
42.0,312.0,42.195,2.0,0.0,22.0,34.74,38.79,8.737,16.79,1.0,59.2,33.68,7.12,93.57,71.0,0.0588,265.44,1.0
33.0,296.0,42.195,1.0,2.0,14.0,43.42,53.39,8.149,17.52,3.0,80.43,18.71,0.85,100.0,61.0,0.1239,226.4,1.0
26.0,33.0,5.0,0.0,0.0,8.0,19.0,24.26,9.8,5.04,0.0,81.18,8.63,10.19,84.39,84.0,0.2982,37.09,0.0
52.0,53.0,10.0,0.0,0.0,14.0,30.73,37.15,9.875,6.71,0.0,74.52,20.76,4.73,94.22,29.0,0.1616,59.23,0.0
46.0,210.0,21.0975,0.0,1.0,16.0,34.02,42.0,8.986,10.55,0.0,38.56,45.11,16.34,62.6,64.0,0.147,201.65,1.0
45.0,74.0,10.0,1.0,0.0,16.0,27.97,35.95,7.997,6.6,0.0,68.75,28.75,2.5,60.9,33.0,0.1122,77.71,1.0
55.0,156.0,21.0975,0.0,0.0,15.0,36.96,47.75,8.343,9.1,0.0,74.87,1.63,23.5,47.41,68.0,0.1968,163.0,1.0
37.0,252.0,42.195,1.0,0.0,22.0,48.09,63.73,6.5,17.35,0.0,76.31,9.64,14.05,100.0,23.0,0.1214,213.92,1.0
39.0,138.0,21.0975,0.0,0.0,12.0,29.83,35.28,10.382,11.51,0.0,81.34,12.33,6.33,94.03,89.0,0.1434,136.82,1.0
30.0,40.0,5.0,0.0,0.0,14.0,15.71,20.06,10.795,4.03,0.0,62.96,29.06,7.97,93.69,42.0,0.1443,41.51,1.0
46.0,83.0,10.0,0.0,0.0,15.0,20.14,24.13,11.007,8.84,0.0,44.77,35.9,19.33,76.75,90.0,0.3426,82.26,1.0
31.0,61.0,10.0,0.0,0.0,14.0,16.78,22.19,10.399,9.22,0.0,83.71,10.9,5.39,77.74,21.0,0.1091,68.18,0.0
31.0,187.0,21.0975,0.0,0.0,17.0,32.75,46.67,8.446,10.48,0.0,39.26,38.98,21.76,95.8,69.0,0.3361,169.61,1.0
54.0,20.0,5.0,1.0,0.0,12.0,9.08,14.54,8.993,5.18,0.0,83.08,2.23,14.69,75.81,43.0,0.1162,29.25,0.0
49.0,186.0,21.0975,0.0,0.0,13.0,32.5,42.67,10.402,12.36,0.0,88.19,0.0,11.81,74.05,30.0,0.2039,175.5,1.0
41.0,163.0,21.0975,1.0,0.0,12.0,30.01,32.85,8.46,10.18,0.0,47.89,37.95,14.16,76.18,65.0,0.1044,149.53,1.0
26.0,56.0,10.0,0.0,2.0,13.0,18.25,21.08,11.651,8.76,0.0,67.87,11.47,20.67,77.61,30.0,0.4141,67.88,0.0
30.0,203.0,21.0975,0.0,1.0,17.0,20.62,31.02,11.274,14.26,0.0,44.34,49.02,6.64,79.88,66.0,0.0867,197.14,1.0
44.0,325.0,42.195,0.0,0.0,24.0,36.63,41.87,9.521,18.56,1.0,55.33,27.32,17.35,82.39,46.0,0.1874,272.17,1.0
30.0,394.0,42.195,1.0,0.0,22.0,42.96,58.36,6.721,17.03,3.0,79.3,4.36,16.34,71.35,80.0,0.2375,247.64,1.0
26.0,156.0,21.0975,0.0,0.0,19.0,18.01,22.76,9.485,15.72,0.0,63.64,22.61,13.76,89.43,67.0,0.1766,157.32,1.0
40.0,281.0,42.195,1.0,0.0,12.0,26.44,36.84,9.183,14.34,2.0,60.5,26.07,13.42,68.67,45.0,0.2178,281.08,1.0
35.0,77.0,10.0,1.0,0.0,14.0,15.19,20.31,9.075,10.0,0.0,75.03,0.0,24.97,95.55,57.0,0.2402,77.3,1.0
54.0,35.0,5.0,0.0,0.0,6.0,17.86,28.58,8.929,7.89,0.0,50.17,26.76,23.07,47.94,33.0,0.233,39.13,0.0
40.0,30.0,5.0,0.0,2.0,14.0,8.27,13.68,9.659,5.12,0.0,69.69,16.69,13.63,51.1,55.0,0.1436,34.6,0.0
55.0,61.0,10.0,0.0,0.0,12.0,23.02,36.34,10.387,11.88,0.0,48.15,29.01,22.84,97.46,70.0,0.1404,66.81,0.0
43.0,287.0,42.195,0.0,0.0,13.0,40.42,54.58,9.211,21.3,3.0,64.6,30.21,5.18,97.86,64.0,0.0847,241.21,1.0
41.0,379.0,42.195,1.0,0.0,20.0,36.05,39.58,8.92,17.83,0.0,97.16,0.0,2.84,81.79,26.0,0.049,299.54,1.0
36.0,397.0,42.195,1.0,0.0,16.0,37.77,53.5,6.5,15.49,2.0,51.97,29.85,18.18,70.95,27.0,0.1584,260.85,1.0
49.0,206.0,42.195,0.0,0.0,17.0,49.52,58.68,7.418,16.81,1.0,69.48,20.98,9.54,83.27,28.0,0.1281,212.06,1.0
38.0,49.0,10.0,0.0,1.0,9.0,12.05,18.01,11.834,8.2,0.0,18.99,70.45,10.56,72.4,41.0,0.3342,74.72,0.0
54.0,82.0,10.0,0.0,0.0,11.0,31.86,36.15,9.124,6.63,0.0,54.34,22.87,22.79,70.19,48.0,0.1696,83.97,1.0
47.0,105.0,21.0975,0.0,2.0,19.0,22.8,25.82,10.359,15.23,0.0,45.03,37.49,17.48,83.05,65.0,0.1703,131.61,0.0
51.0,107.0,21.0975,0.0,1.0,17.0,40.52,44.6,10.043,12.44,0.0,36.5,47.85,15.64,100.0,76.0,0.3563,124.83,0.0
54.0,173.0,21.0975,1.0,0.0,11.0,30.45,45.94,7.916,15.48,0.0,67.27,15.43,17.3,77.05,55.0,0.1828,162.34,1.0
32.0,19.0,5.0,0.0,1.0,7.0,17.16,24.54,9.965,8.4,0.0,41.35,39.46,19.19,88.24,33.0,0.1507,27.65,0.0
42.0,94.0,10.0,0.0,0.0,12.0,16.7,22.63,9.625,9.35,0.0,57.53,23.55,18.92,84.89,47.0,0.034,88.78,1.0
53.0,43.0,5.0,2.0,1.0,12.0,12.06,17.57,7.76,4.07,0.0,45.24,49.11,5.65,76.69,80.0,0.0633,47.6,0.0
51.0,74.0,10.0,0.0,0.0,11.0,20.15,24.48,10.595,6.31,0.0,57.02,33.06,9.92,59.17,91.0,0.1304,82.05,0.0
24.0,159.0,21.0975,1.0,0.0,15.0,32.7,39.57,9.624,15.77,0.0,59.35,33.47,7.19,84.73,91.0,0.0385,150.43,1.0
26.0,202.0,42.195,1.0,2.0,18.0,58.27,64.92,6.5,14.25,2.0,61.93,22.83,15.23,94.62,42.0,0.4503,174.35,1.0
27.0,60.0,10.0,1.0,0.0,8.0,18.64,26.6,8.119,9.03,0.0,73.59,13.91,12.49,76.63,90.0,0.2525,66.82,0.0
23.0,171.0,21.0975,0.0,0.0,14.0,21.17,30.27,10.744,11.77,0.0,75.1,5.34,19.55,64.63,35.0,0.3023,164.95,1.0
50.0,293.0,42.195,0.0,0.0,22.0,35.17,51.45,9.126,13.57,0.0,89.98,5.88,4.14,94.55,37.0,0.1598,315.98,0.0
44.0,333.0,42.195,2.0,1.0,23.0,24.0,34.82,10.555,13.51,4.0,66.48,13.93,19.6,81.21,35.0,0.127,318.38,0.0
36.0,342.0,42.195,0.0,0.0,15.0,33.17,36.64,10.069,14.23,2.0,71.46,23.01,5.52,60.54,77.0,0.0335,312.35,1.0
22.0,30.0,5.0,0.0,0.0,9.0,16.44,20.4,10.703,7.46,0.0,57.79,22.97,19.24,67.78,45.0,0.2097,33.47,0.0
40.0,363.0,42.195,1.0,0.0,19.0,35.51,41.94,7.795,21.91,4.0,83.01,12.44,4.55,74.8,67.0,0.1106,295.72,1.0
36.0,251.0,42.195,1.0,0.0,17.0,39.37,47.57,9.406,13.01,2.0,77.58,7.03,15.39,50.14,90.0,0.3332,216.22,1.0
37.0,68.0,10.0,0.0,2.0,16.0,17.62,28.22,9.354,6.58,0.0,86.73,0.0,13.27,87.48,51.0,0.0522,76.3,0.0
49.0,27.0,5.0,0.0,0.0,9.0,10.23,13.83,11.173,5.96,0.0,71.62,7.77,20.61,78.27,91.0,0.273,32.89,0.0
55.0,139.0,21.0975,2.0,2.0,15.0,30.87,36.68,6.98,14.26,0.0,43.2,39.55,17.25,74.03,35.0,0.3161,136.37,1.0
40.0,185.0,21.0975,0.0,0.0,14.0,30.43,43.99,8.31,15.29,0.0,81.07,16.3,2.63,84.63,75.0,0.5201,165.69,1.0
52.0,125.0,21.0975,2.0,2.0,13.0,36.15,45.7,7.773,10.06,0.0,77.02,16.53,6.45,88.0,57.0,0.0725,147.41,0.0
25.0,70.0,10.0,0.0,2.0,13.0,12.16,18.96,11.112,8.11,0.0,65.96,25.05,8.99,85.03,36.0,0.2262,80.61,0.0
33.0,79.0,10.0,0.0,0.0,11.0,17.75,25.26,10.517,8.93,0.0,50.48,25.89,23.64,91.79,45.0,0.0639,75.8,1.0
37.0,417.0,42.195,1.0,1.0,12.0,39.94,52.6,7.279,21.07,1.0,54.02,28.21,17.76,88.31,73.0,0.3822,317.61,1.0
28.0,24.0,5.0,0.0,0.0,6.0,14.51,16.82,11.366,7.22,0.0,68.27,26.91,4.82,83.94,65.0,0.3825,31.3,0.0
43.0,23.0,5.0,1.0,0.0,11.0,19.87,29.56,7.193,8.37,0.0,53.82,35.84,10.34,70.4,72.0,0.1752,29.75,0.0
47.0,172.0,21.0975,0.0,0.0,12.0,20.12,24.44,11.128,14.14,0.0,58.2,21.45,20.35,67.89,27.0,0.0772,167.92,0.0
32.0,157.0,21.0975,1.0,2.0,11.0,33.49,45.4,8.07,9.0,0.0,82.46,3.32,14.22,79.91,52.0,0.485,152.42,1.0
51.0,43.0,5.0,1.0,0.0,10.0,20.24,25.07,7.625,6.14,0.0,67.27,14.72,18.01,100.0,42.0,0.0986,43.38,1.0
39.0,64.0,10.0,2.0,0.0,9.0,16.99,26.16,7.874,10.79,0.0,64.22,26.99,8.79,67.88,41.0,0.0784,66.87,1.0
39.0,182.0,21.0975,1.0,0.0,11.0,29.8,33.64,9.427,13.89,0.0,55.38,20.45,24.17,76.34,63.0,0.5061,175.81,1.0
36.0,78.0,10.0,0.0,0.0,8.0,14.62,19.61,10.685,10.11,0.0,60.69,14.64,24.67,100.0,66.0,0.0888,81.35,0.0
28.0,119.0,21.0975,1.0,0.0,19.0,37.37,42.99,9.269,8.9,0.0,41.5,37.41,21.1,86.53,51.0,0.299,136.77,0.0
27.0,337.0,42.195,0.0,0.0,22.0,51.74,56.54,8.681,18.72,4.0,60.83,25.71,13.46,98.65,81.0,0.2908,259.76,1.0
36.0,223.0,42.195,0.0,0.0,12.0,36.03,48.13,8.688,14.65,4.0,67.51,24.02,8.46,98.54,69.0,0.5274,227.06,1.0
37.0,117.0,21.0975,1.0,0.0,14.0,39.7,49.09,7.931,8.83,0.0,61.04,32.43,6.53,86.94,50.0,0.2612,130.64,0.0
37.0,49.0,10.0,0.0,0.0,16.0,22.49,33.77,8.197,11.5,0.0,47.23,31.27,21.5,98.67,35.0,0.0724,59.09,0.0
34.0,33.0,5.0,0.0,2.0,8.0,13.31,20.92,10.445,7.06,0.0,82.27,0.0,17.73,81.6,56.0,0.376,40.08,0.0
32.0,95.0,10.0,0.0,0.0,8.0,12.8,19.53,11.313,11.29,0.0,61.18,24.37,14.45,62.75,57.0,0.5273,96.61,1.0
24.0,23.0,5.0,0.0,0.0,10.0,17.17,24.57,10.529,6.02,0.0,64.53,20.97,14.5,90.65,40.0,0.1792,30.44,0.0
50.0,27.0,5.0,2.0,1.0,10.0,8.56,11.67,9.264,5.71,0.0,38.39,37.63,23.98,80.96,51.0,0.2792,33.95,0.0
47.0,135.0,21.0975,0.0,1.0,18.0,26.05,38.42,9.07,14.9,0.0,79.26,20.42,0.33,66.53,24.0,0.1901,140.36,1.0
48.0,365.0,42.195,1.0,0.0,20.0,38.65,50.25,8.407,18.43,0.0,77.58,14.93,7.49,65.71,51.0,0.0435,295.07,1.0
55.0,187.0,21.0975,2.0,0.0,13.0,22.56,24.88,7.562,12.05,0.0,72.07,23.23,4.69,79.63,32.0,0.2504,175.37,1.0
51.0,52.0,10.0,0.0,1.0,10.0,11.56,18.64,10.876,9.64,0.0,50.61,32.14,17.25,71.06,59.0,0.0361,68.84,0.0
36.0,132.0,21.0975,0.0,0.0,20.0,16.52,20.1,11.689,11.29,0.0,56.91,38.18,4.91,65.94,51.0,0.1414,150.63,0.0
47.0,91.0,10.0,0.0,0.0,16.0,24.38,34.09,9.754,8.53,0.0,56.52,26.23,17.25,95.28,50.0,0.1707,93.45,1.0
33.0,31.0,5.0,1.0,0.0,11.0,18.32,27.86,7.879,7.5,0.0,62.61,17.53,19.85,94.69,76.0,0.4404,33.14,0.0
31.0,59.0,10.0,0.0,1.0,9.0,10.18,15.26,9.34,10.23,0.0,32.46,45.86,21.68,81.5,29.0,0.1749,67.99,0.0
38.0,300.0,42.195,0.0,0.0,20.0,31.82,35.58,11.199,16.02,0.0,89.77,0.0,10.23,87.46,59.0,0.2093,291.6,1.0
48.0,166.0,21.0975,0.0,0.0,19.0,23.76,33.32,12.136,14.62,0.0,75.74,6.76,17.5,75.82,54.0,0.1496,163.87,1.0
27.0,41.0,5.0,0.0,0.0,7.0,20.41,23.62,10.502,4.45,0.0,85.07,13.23,1.7,86.11,56.0,0.1742,43.34,1.0
29.0,22.0,5.0,2.0,2.0,8.0,17.48,22.21,8.732,7.0,0.0,40.04,35.54,24.42,83.23,36.0,0.1206,31.47,0.0
29.0,29.0,5.0,0.0,1.0,9.0,14.14,20.45,10.398,6.32,0.0,56.75,38.92,4.32,83.57,77.0,0.109,40.21,0.0
40.0,54.0,10.0,2.0,0.0,10.0,19.49,29.06,7.492,11.74,0.0,77.76,15.88,6.36,71.97,40.0,0.1675,64.27,0.0
40.0,200.0,21.0975,2.0,2.0,18.0,25.23,29.71,8.393,8.61,0.0,62.47,24.88,12.64,63.37,30.0,0.1727,181.9,0.0
30.0,50.0,10.0,0.0,0.0,11.0,22.88,31.19,8.754,10.1,0.0,62.58,19.49,17.92,69.21,24.0,0.293,57.8,0.0
46.0,272.0,42.195,0.0,1.0,17.0,48.18,59.44,8.006,19.46,3.0,60.05,32.68,7.26,89.68,43.0,0.1438,242.35,1.0
40.0,33.0,5.0,0.0,0.0,12.0,14.77,22.65,9.496,8.96,0.0,60.37,25.69,13.94,76.97,77.0,0.1908,38.66,0.0
28.0,218.0,42.195,1.0,0.0,24.0,22.35,30.53,11.108,16.45,3.0,79.33,6.86,13.8,89.94,39.0,0.1772,236.15,1.0
54.0,377.0,42.195,2.0,1.0,16.0,21.62,30.95,6.574,13.97,2.0,59.46,36.15,4.38,83.63,76.0,0.1971,329.55,1.0
55.0,135.0,21.0975,0.0,0.0,12.0,36.16,43.94,8.684,9.67,0.0,61.6,13.8,24.59,100.0,63.0,0.1906,144.1,1.0
36.0,401.0,42.195,0.0,0.0,21.0,40.0,56.16,8.822,21.33,2.0,55.62,36.9,7.48,84.86,54.0,0.2567,295.8,1.0
30.0,98.0,21.0975,1.0,0.0,12.0,19.35,27.74,9.973,15.41,0.0,60.4,17.3,22.3,81.82,27.0,0.1029,128.08,0.0
51.0,205.0,21.0975,0.0,0.0,18.0,18.23,24.65,10.177,8.72,0.0,79.94,3.41,16.65,58.23,32.0,0.0398,204.51,1.0
41.0,265.0,42.195,1.0,2.0,15.0,48.62,59.0,7.184,18.23,2.0,57.79,40.1,2.11,69.29,28.0,0.147,217.29,1.0
48.0,57.0,10.0,0.0,1.0,11.0,10.57,15.67,11.085,11.79,0.0,48.37,35.05,16.57,72.11,87.0,0.2275,75.0,0.0
38.0,33.0,5.0,0.0,0.0,13.0,16.91,23.51,11.521,6.4,0.0,57.41,39.13,3.46,81.48,73.0,0.1148,40.05,0.0
26.0,104.0,21.0975,0.0,1.0,12.0,28.51,40.05,9.728,14.67,0.0,13.8,62.11,24.09,75.3,61.0,0.2742,128.12,0.0
22.0,133.0,21.0975,1.0,2.0,16.0,15.04,22.47,11.244,9.11,0.0,61.27,21.42,17.31,89.95,44.0,0.1308,147.34,0.0
55.0,50.0,10.0,1.0,0.0,10.0,22.57,26.74,9.395,10.39,0.0,61.85,31.24,6.91,73.19,85.0,0.2008,58.08,0.0
24.0,114.0,21.0975,2.0,1.0,18.0,29.96,34.79,9.026,11.81,0.0,52.58,42.39,5.03,91.44,48.0,0.1227,127.28,0.0
32.0,68.0,10.0,1.0,0.0,11.0,10.18,15.63,10.076,10.78,0.0,69.94,8.28,21.78,100.0,21.0,0.2185,79.5,0.0
46.0,66.0,10.0,0.0,0.0,10.0,12.35,18.4,10.223,11.71,0.0,91.06,3.52,5.42,88.81,23.0,0.0716,81.04,0.0
40.0,96.0,21.0975,0.0,0.0,12.0,14.88,20.11,11.903,9.23,0.0,71.93,18.3,9.77,91.84,45.0,0.1464,127.2,0.0
36.0,184.0,42.195,1.0,2.0,21.0,31.18,43.11,8.685,20.29,0.0,66.0,26.89,7.11,100.0,21.0,0.1423,208.15,0.0
41.0,54.0,10.0,0.0,0.0,8.0,15.75,21.18,11.69,10.25,0.0,68.42,22.16,9.41,86.66,24.0,0.1069,64.87,0.0
50.0,49.0,10.0,1.0,0.0,16.0,18.02,24.42,9.44,11.7,0.0,40.13,35.66,24.21,88.39,25.0,0.0848,57.23,0.0
25.0,18.0,5.0,0.0,0.0,7.0,23.16,29.34,9.845,4.27,0.0,66.27,14.88,18.85,80.22,46.0,0.4255,24.91,0.0
24.0,42.0,5.0,0.0,0.0,6.0,8.29,11.53,10.81,7.55,0.0,62.97,23.62,13.42,100.0,22.0,0.2876,41.57,1.0
26.0,158.0,21.0975,0.0,0.0,17.0,33.09,44.58,8.956,15.69,0.0,55.88,23.27,20.85,82.89,70.0,0.3426,150.34,1.0
33.0,166.0,21.0975,0.0,0.0,20.0,31.26,45.62,10.22,14.29,0.0,52.36,28.44,19.2,64.67,30.0,0.045,160.95,1.0
39.0,208.0,21.0975,0.0,0.0,16.0,35.51,49.68,9.161,15.76,0.0,67.09,10.2,22.7,72.99,24.0,0.518,183.1,1.0
41.0,52.0,10.0,0.0,0.0,8.0,12.92,18.24,11.125,7.34,0.0,56.23,25.87,17.9,72.36,27.0,0.098,65.48,0.0
34.0,208.0,21.0975,2.0,0.0,20.0,21.91,30.53,8.505,10.11,0.0,63.99,31.44,4.57,66.23,23.0,0.3375,192.79,1.0
42.0,22.0,5.0,0.0,0.0,11.0,23.88,27.55,9.461,4.85,0.0,82.71,13.55,3.74,81.37,69.0,0.1173,30.04,0.0
28.0,18.0,5.0,0.0,0.0,14.0,22.01,25.26,9.805,8.19,0.0,76.86,17.74,5.4,87.26,37.0,0.101,23.99,0.0
40.0,43.0,10.0,0.0,0.0,10.0,18.72,22.7,10.598,9.59,0.0,87.9,7.59,4.51,97.73,51.0,0.0564,57.17,0.0
28.0,36.0,5.0,0.0,2.0,7.0,12.93,15.21,11.091,4.08,0.0,63.47,32.87,3.66,87.71,90.0,0.1449,40.38,1.0
54.0,211.0,42.195,1.0,0.0,18.0,39.53,53.8,6.5,21.35,3.0,56.91,25.09,18.0,96.33,52.0,0.2468,194.53,1.0
37.0,32.0,5.0,0.0,0.0,14.0,19.12,28.66,9.646,7.6,0.0,84.84,11.71,3.44,92.7,24.0,0.1362,35.59,0.0
47.0,104.0,21.0975,0.0,0.0,18.0,28.47,35.04,8.492,13.53,0.0,61.67,28.47,9.87,75.12,60.0,0.2275,131.24,0.0
39.0,196.0,21.0975,2.0,0.0,19.0,32.44,40.11,6.5,10.01,0.0,59.05,35.03,5.92,73.55,51.0,0.3741,162.03,1.0
53.0,308.0,42.195,0.0,2.0,22.0,34.03,37.36,8.835,18.31,1.0,57.62,21.28,21.1,92.45,50.0,0.1844,270.87,1.0
33.0,339.0,42.195,0.0,0.0,20.0,23.82,31.19,10.487,19.62,1.0,57.45,18.67,23.88,58.94,40.0,0.3546,307.32,1.0
35.0,183.0,42.195,0.0,1.0,20.0,53.62,65.46,8.147,19.0,4.0,39.72,38.38,21.9,99.21,46.0,0.2078,181.09,1.0
44.0,302.0,42.195,0.0,0.0,20.0,35.27,46.67,10.588,21.14,3.0,47.26,34.24,18.5,81.62,68.0,0.3962,278.69,1.0
36.0,125.0,21.0975,1.0,0.0,13.0,23.87,27.99,9.477,13.34,0.0,73.45,11.78,14.77,92.39,69.0,0.1599,135.52,0.0
49.0,178.0,21.0975,1.0,0.0,19.0,34.33,46.11,8.793,8.88,0.0,89.35,0.0,10.65,75.11,84.0,0.0663,167.4,1.0
42.0,45.0,10.0,0.0,0.0,14.0,25.21,33.37,9.792,6.17,0.0,55.2,32.64,12.16,100.0,50.0,0.3957,59.64,0.0
31.0,131.0,21.0975,0.0,0.0,10.0,24.97,31.89,11.264,8.7,0.0,47.58,29.43,22.99,85.57,51.0,0.0658,151.06,0.0
51.0,148.0,21.0975,0.0,0.0,14.0,22.02,26.88,11.082,10.2,0.0,64.4,14.68,20.92,100.0,90.0,0.1968,154.49,1.0
34.0,177.0,21.0975,2.0,0.0,17.0,20.24,25.51,8.568,9.88,0.0,62.34,30.36,7.3,78.48,61.0,0.198,167.87,1.0
47.0,40.0,10.0,0.0,2.0,14.0,27.42,32.18,11.097,11.44,0.0,60.62,18.82,20.56,52.92,33.0,0.4657,55.39,0.0
44.0,42.0,5.0,0.0,0.0,14.0,10.81,13.09,10.434,8.23,0.0,69.06,18.04,12.9,70.69,78.0,0.1939,43.75,1.0
37.0,44.0,5.0,2.0,0.0,9.0,19.51,26.54,7.239,4.49,0.0,70.75,17.56,11.69,52.31,34.0,0.325,44.02,0.0
43.0,42.0,5.0,0.0,0.0,13.0,12.47,18.28,10.414,6.01,0.0,74.17,2.95,22.88,86.26,35.0,0.0159,45.65,0.0
37.0,123.0,21.0975,2.0,0.0,20.0,28.52,33.12,8.118,14.59,0.0,67.79,26.54,5.68,73.49,26.0,0.201,124.86,0.0
48.0,83.0,10.0,1.0,0.0,11.0,13.59,21.88,8.09,10.35,0.0,69.73,16.68,13.59,81.84,86.0,0.1986,80.47,1.0
54.0,183.0,21.0975,0.0,0.0,11.0,35.53,38.77,9.717,15.76,0.0,73.91,12.89,13.21,73.5,73.0,0.1772,181.57,1.0
49.0,205.0,21.0975,1.0,0.0,19.0,30.85,46.54,7.72,10.32,0.0,59.64,22.74,17.62,67.45,66.0,0.0942,181.11,1.0
29.0,22.0,5.0,2.0,0.0,14.0,12.09,18.78,7.512,6.77,0.0,60.21,21.86,17.93,91.71,37.0,0.1732,29.77,0.0
45.0,257.0,42.195,0.0,2.0,21.0,28.05,35.9,11.676,16.92,3.0,68.14,17.24,14.62,96.74,29.0,0.2982,268.56,1.0
39.0,184.0,21.0975,1.0,0.0,12.0,18.44,24.75,9.039,11.76,0.0,73.6,16.1,10.3,77.11,33.0,0.1045,174.27,1.0
49.0,38.0,10.0,2.0,0.0,15.0,23.57,30.52,7.255,6.03,0.0,88.37,7.44,4.19,75.24,86.0,0.1959,51.75,0.0
43.0,38.0,5.0,2.0,0.0,6.0,17.48,20.59,7.217,6.97,0.0,60.98,29.07,9.95,81.65,39.0,0.0405,41.68,0.0
46.0,83.0,10.0,0.0,1.0,13.0,22.9,28.75,10.679,10.83,0.0,32.3,64.54,3.16,85.37,56.0,0.5444,94.44,0.0
44.0,64.0,10.0,1.0,0.0,10.0,25.57,28.69,9.716,7.78,0.0,76.05,13.63,10.31,98.91,73.0,0.12,67.79,1.0
29.0,55.0,10.0,2.0,1.0,8.0,17.08,22.54,6.942,11.1,0.0,52.46,46.28,1.26,83.53,50.0,0.1044,68.23,1.0
39.0,135.0,21.0975,0.0,2.0,17.0,34.23,43.04,10.253,8.15,0.0,59.17,19.88,20.94,77.99,45.0,0.0788,145.21,0.0
42.0,175.0,21.0975,0.0,0.0,18.0,24.33,26.72,11.303,9.3,0.0,46.43,44.9,8.66,74.47,25.0,0.6,170.67,1.0
25.0,265.0,42.195,0.0,2.0,18.0,24.93,30.99,10.714,16.87,2.0,66.92,8.51,24.58,92.92,48.0,0.3304,249.59,1.0
26.0,90.0,10.0,2.0,2.0,8.0,13.06,15.97,8.773,10.7,0.0,63.07,23.45,13.48,92.36,75.0,0.0619,87.26,1.0
24.0,173.0,21.0975,0.0,0.0,10.0,14.18,21.17,12.034,10.59,0.0,74.4,15.82,9.78,89.5,48.0,0.2616,189.82,0.0
26.0,46.0,10.0,0.0,1.0,9.0,13.95,17.77,12.173,9.48,0.0,44.99,39.12,15.89,74.19,30.0,0.1366,62.42,0.0
32.0,26.0,5.0,1.0,0.0,6.0,15.19,25.25,8.892,7.58,0.0,76.07,0.99,22.95,73.91,83.0,0.161,30.01,0.0
49.0,300.0,42.195,0.0,0.0,18.0,37.61,42.03,8.903,13.78,4.0,45.01,51.98,3.0,95.17,29.0,0.243,272.26,1.0
32.0,98.0,21.0975,1.0,0.0,17.0,30.17,36.81,8.611,8.96,0.0,64.3,25.36,10.34,85.8,53.0,0.2646,117.25,0.0
34.0,41.0,10.0,0.0,1.0,14.0,23.62,27.51,9.559,10.86,0.0,40.37,48.59,11.05,100.0,46.0,0.2267,61.77,0.0
27.0,345.0,42.195,0.0,0.0,14.0,27.33,37.99,11.64,18.25,2.0,77.49,5.55,16.96,86.19,35.0,0.2336,295.89,1.0
30.0,355.0,42.195,0.0,0.0,14.0,50.35,59.05,8.9,19.5,2.0,88.06,5.32,6.62,92.3,41.0,0.0791,282.0,1.0
37.0,20.0,5.0,0.0,0.0,8.0,24.1,28.48,10.503,4.53,0.0,79.67,10.96,9.37,66.93,59.0,0.3186,25.87,0.0
50.0,305.0,42.195,1.0,0.0,14.0,57.44,67.89,6.514,18.02,1.0,59.46,18.88,21.66,81.95,79.0,0.2952,237.61,1.0
49.0,379.0,42.195,0.0,0.0,14.0,53.09,59.13,8.631,19.01,3.0,52.58,23.16,24.26,70.28,79.0,0.3671,256.14,1.0
24.0,228.0,42.195,1.0,1.0,14.0,25.42,29.78,9.125,12.48,2.0,45.44,35.06,19.5,76.08,51.0,0.245,251.33,0.0
28.0,185.0,42.195,2.0,0.0,19.0,45.26,59.04,6.5,18.69,4.0,85.07,10.98,3.95,89.63,87.0,0.3563,138.03,1.0
28.0,332.0,42.195,0.0,0.0,22.0,27.9,33.25,11.538,16.13,4.0,62.07,37.93,0.0,100.0,68.0,0.2532,269.65,1.0
31.0,312.0,42.195,1.0,2.0,21.0,20.48,29.52,9.744,16.27,4.0,68.54,14.15,17.31,73.16,32.0,0.2586,290.99,1.0
50.0,175.0,21.0975,1.0,2.0,19.0,32.47,47.95,6.758,11.96,0.0,49.12,29.93,20.95,74.72,55.0,0.1555,175.45,1.0
51.0,64.0,10.0,1.0,0.0,14.0,16.78,25.01,9.421,10.67,0.0,63.56,11.65,24.79,68.46,38.0,0.0699,65.4,1.0
32.0,86.0,10.0,0.0,0.0,8.0,31.77,36.5,10.344,11.29,0.0,76.11,14.6,9.28,86.55,50.0,0.0754,86.4,1.0
25.0,84.0,10.0,0.0,0.0,11.0,18.94,22.89,10.904,10.67,0.0,93.15,0.0,6.85,64.5,49.0,0.1275,76.7,1.0
32.0,365.0,42.195,1.0,1.0,24.0,39.86,53.73,8.871,21.11,3.0,46.77,44.25,8.98,92.42,59.0,0.4406,272.27,1.0
49.0,189.0,21.0975,0.0,0.0,18.0,35.61,41.2,10.506,13.93,0.0,63.85,16.5,19.65,69.35,28.0,0.0594,174.79,1.0
23.0,44.0,10.0,1.0,0.0,8.0,13.68,15.8,10.646,8.93,0.0,78.26,11.43,10.3,71.58,41.0,0.385,60.79,1.0
29.0,373.0,42.195,2.0,0.0,20.0,41.57,47.44,6.5,17.51,3.0,55.6,30.05,14.34,65.51,84.0,0.0773,278.37,1.0
46.0,42.0,10.0,0.0,0.0,13.0,17.09,19.02,10.627,9.25,0.0,83.36,1.62,15.02,80.13,41.0,0.0988,58.28,0.0
33.0,26.0,5.0,0.0,0.0,9.0,12.32,19.54,10.015,6.28,0.0,52.34,45.78,1.88,93.21,23.0,0.0252,30.97,0.0
46.0,81.0,10.0,0.0,0.0,10.0,21.85,27.01,10.412,9.43,0.0,67.67,8.29,24.04,95.87,79.0,0.1129,84.52,1.0
35.0,22.0,5.0,0.0,2.0,14.0,7.82,12.83,11.278,6.82,0.0,81.03,0.51,18.46,86.07,29.0,0.2922,31.21,0.0
51.0,153.0,21.0975,1.0,0.0,16.0,37.76,46.26,8.017,12.81,0.0,70.5,17.35,12.15,76.03,45.0,0.1193,149.96,1.0
35.0,205.0,21.0975,2.0,0.0,14.0,27.84,32.69,7.625,12.2,0.0,57.05,39.18,3.77,93.24,67.0,0.0388,170.29,1.0
27.0,199.0,21.0975,1.0,0.0,16.0,27.47,32.38,9.19,12.16,0.0,64.34,27.58,8.07,98.22,75.0,0.1528,180.34,1.0
44.0,268.0,42.195,0.0,0.0,22.0,57.54,64.46,8.769,19.1,4.0,75.84,18.56,5.6,86.97,42.0,0.4473,212.52,1.0
41.0,42.0,5.0,1.0,1.0,14.0,16.46,22.86,9.731,7.31,0.0,59.13,33.19,7.68,73.88,86.0,0.2877,45.21,0.0
25.0,44.0,10.0,2.0,0.0,10.0,18.91,29.27,6.723,7.55,0.0,61.01,28.9,10.09,68.86,40.0,0.0748,56.95,0.0
23.0,33.0,5.0,2.0,0.0,9.0,15.96,24.32,6.915,4.11,0.0,78.73,20.97,0.31,73.55,21.0,0.2136,34.81,1.0
48.0,272.0,42.195,2.0,0.0,13.0,24.46,35.22,7.211,15.98,2.0,73.56,13.23,13.21,83.54,62.0,0.0436,266.47,1.0
26.0,205.0,42.195,0.0,0.0,23.0,38.27,44.02,9.444,21.1,0.0,50.3,31.56,18.14,100.0,47.0,0.0779,221.25,0.0
45.0,28.0,5.0,0.0,0.0,14.0,16.1,26.79,9.91,4.54,0.0,72.18,13.04,14.78,71.3,45.0,0.2476,32.76,0.0
35.0,48.0,10.0,0.0,0.0,11.0,24.69,31.89,12.465,8.26,0.0,59.26,23.48,17.26,100.0,54.0,0.1775,55.81,0.0
39.0,148.0,21.0975,1.0,0.0,16.0,37.73,42.34,7.302,9.07,0.0,65.19,10.73,24.07,89.78,72.0,0.122,152.12,1.0
35.0,139.0,21.0975,2.0,0.0,15.0,18.87,28.32,8.696,12.75,0.0,75.43,24.47,0.1,69.28,48.0,0.2548,147.95,0.0
51.0,199.0,42.195,1.0,0.0,18.0,31.17,36.65,9.782,18.69,1.0,55.17,23.31,21.52,67.77,59.0,0.0561,224.92,0.0
52.0,40.0,5.0,0.0,0.0,8.0,12.9,18.21,11.097,5.64,0.0,78.75,9.41,11.84,100.0,67.0,0.0657,41.28,1.0
30.0,126.0,21.0975,1.0,1.0,10.0,28.23,34.13,10.497,14.14,0.0,50.48,31.25,18.27,79.62,56.0,0.2062,148.49,0.0
51.0,55.0,10.0,0.0,0.0,13.0,11.94,18.27,10.607,7.56,0.0,88.78,7.39,3.83,92.81,41.0,0.4299,68.72,0.0
50.0,202.0,21.0975,2.0,0.0,11.0,39.71,43.27,7.372,14.99,0.0,71.48,15.07,13.45,88.53,43.0,0.2548,187.89,1.0
46.0,141.0,21.0975,2.0,0.0,19.0,25.86,38.79,6.5,15.5,0.0,76.34,0.0,23.66,74.68,87.0,0.2483,127.64,1.0
22.0,317.0,42.195,1.0,0.0,14.0,37.49,51.42,7.508,14.16,3.0,44.04,45.57,10.39,92.5,24.0,0.1587,284.7,1.0
39.0,360.0,42.195,2.0,2.0,14.0,35.32,46.9,8.372,20.65,3.0,46.03,40.12,13.86,82.38,39.0,0.299,281.11,1.0
30.0,62.0,10.0,1.0,0.0,14.0,22.81,25.62,9.921,7.96,0.0,69.25,24.82,5.93,69.89,31.0,0.174,72.53,0.0
51.0,186.0,21.0975,0.0,0.0,16.0,26.31,33.1,9.881,12.79,0.0,90.39,4.65,4.95,93.68,54.0,0.2336,170.18,1.0
52.0,199.0,21.0975,2.0,0.0,10.0,41.0,45.03,6.718,13.86,0.0,57.97,39.44,2.59,77.24,23.0,0.097,180.68,1.0
36.0,124.0,21.0975,1.0,1.0,16.0,30.89,42.87,8.889,9.85,0.0,44.72,42.45,12.82,73.75,76.0,0.0856,150.7,0.0
38.0,143.0,21.0975,2.0,1.0,13.0,24.28,35.63,7.644,11.52,0.0,41.64,35.32,23.04,87.05,44.0,0.3359,143.92,1.0
39.0,32.0,5.0,0.0,0.0,6.0,11.13,17.69,10.548,4.77,0.0,53.75,22.62,23.63,78.29,49.0,0.0924,36.28,1.0
51.0,42.0,5.0,0.0,0.0,10.0,21.35,25.9,10.347,8.31,0.0,67.73,17.75,14.53,100.0,37.0,0.1373,40.37,1.0
28.0,37.0,5.0,2.0,0.0,14.0,6.43,10.47,7.421,4.45,0.0,64.94,31.73,3.33,76.44,83.0,0.2325,35.79,1.0
51.0,215.0,42.195,0.0,2.0,17.0,48.59,55.97,8.684,12.23,2.0,42.02,36.14,21.84,82.56,41.0,0.2018,229.23,0.0
24.0,397.0,42.195,0.0,0.0,12.0,37.03,53.53,9.591,12.15,4.0,82.62,10.41,6.97,60.81,55.0,0.1882,324.44,0.0
49.0,82.0,10.0,2.0,0.0,8.0,19.82,22.06,8.62,10.77,0.0,64.44,28.36,7.2,87.7,74.0,0.1765,84.25,1.0
24.0,159.0,21.0975,0.0,0.0,10.0,28.4,38.7,10.201,15.33,0.0,81.84,10.17,7.99,83.2,61.0,0.3414,168.42,1.0
45.0,55.0,10.0,0.0,0.0,14.0,13.84,20.16,10.693,11.77,0.0,88.33,6.6,5.07,70.57,32.0,0.1392,68.23,0.0
42.0,45.0,5.0,0.0,0.0,14.0,15.87,21.05,10.167,5.6,0.0,68.19,20.2,11.61,61.91,68.0,0.0969,43.06,1.0
46.0,43.0,5.0,2.0,1.0,6.0,16.54,19.78,8.118,4.38,0.0,24.17,65.03,10.79,98.85,73.0,0.1917,44.69,1.0
23.0,271.0,42.195,0.0,0.0,13.0,44.29,55.19,8.928,20.77,2.0,78.67,18.08,3.25,100.0,77.0,0.1011,237.89,1.0
25.0,51.0,10.0,1.0,0.0,8.0,16.21,25.76,8.539,8.66,0.0,93.65,0.0,6.35,79.24,83.0,0.1919,58.09,0.0
42.0,362.0,42.195,0.0,2.0,13.0,22.37,29.49,9.91,19.66,4.0,71.33,19.81,8.87,74.65,49.0,0.1279,304.02,1.0
51.0,99.0,21.0975,0.0,0.0,11.0,22.2,29.77,10.581,14.78,0.0,77.76,21.56,0.68,64.75,22.0,0.267,118.91,0.0
45.0,67.0,10.0,2.0,0.0,8.0,23.73,27.86,8.165,9.21,0.0,55.13,25.38,19.5,96.42,64.0,0.386,73.57,0.0
53.0,114.0,21.0975,1.0,0.0,18.0,26.63,35.7,7.359,13.13,0.0,35.81,46.68,17.51,80.43,49.0,0.4736,118.16,1.0
24.0,95.0,21.0975,2.0,2.0,10.0,27.11,32.06,6.733,13.11,0.0,65.92,19.69,14.39,74.81,32.0,0.3303,122.02,0.0
45.0,204.0,42.195,1.0,2.0,12.0,56.08,61.42,7.304,19.83,4.0,76.65,22.88,0.46,83.26,57.0,0.1913,171.87,1.0
31.0,104.0,21.0975,1.0,0.0,12.0,30.82,41.74,7.736,12.57,0.0,95.05,0.1,4.85,100.0,78.0,0.1392,123.11,0.0
26.0,230.0,42.195,0.0,1.0,20.0,54.08,60.12,7.358,17.45,0.0,36.99,53.61,9.41,97.41,36.0,0.1425,228.34,1.0
34.0,43.0,5.0,0.0,0.0,7.0,21.82,26.21,9.86,5.97,0.0,71.23,11.8,16.96,77.46,47.0,0.3462,42.69,1.0
35.0,175.0,21.0975,1.0,1.0,12.0,20.38,22.83,9.531,15.53,0.0,65.64,25.45,8.9,88.09,68.0,0.1091,178.34,1.0
45.0,43.0,10.0,0.0,1.0,13.0,24.71,33.39,10.568,6.92,0.0,68.85,20.16,11.0,70.69,39.0,0.1864,65.97,0.0
25.0,84.0,10.0,0.0,2.0,14.0,23.94,32.83,9.372,8.81,0.0,48.82,34.4,16.78,85.47,49.0,0.2279,89.85,0.0
40.0,354.0,42.195,1.0,0.0,12.0,26.93,32.11,10.425,18.25,1.0,59.94,35.76,4.3,66.51,52.0,0.4389,286.32,1.0
38.0,108.0,21.0975,2.0,0.0,15.0,18.57,26.12,9.426,15.74,0.0,60.83,25.49,13.68,80.41,86.0,0.0558,118.41,1.0
26.0,198.0,21.0975,1.0,0.0,14.0,41.31,49.86,7.311,12.73,0.0,71.85,15.95,12.2,80.65,35.0,0.058,166.59,1.0
51.0,351.0,42.195,0.0,1.0,24.0,22.04,31.58,9.556,14.76,4.0,24.77,59.25,15.98,64.67,28.0,0.1791,320.99,1.0
55.0,375.0,42.195,2.0,0.0,17.0,28.78,32.66,9.134,18.32,0.0,63.94,30.4,5.66,100.0,68.0,0.1446,323.54,1.0
48.0,90.0,10.0,2.0,0.0,14.0,10.82,16.87,8.587,6.44,0.0,70.58,10.57,18.85,74.54,45.0,0.118,83.12,1.0
42.0,79.0,10.0,0.0,0.0,15.0,29.34,37.17,10.965,8.26,0.0,55.6,38.22,6.19,97.3,70.0,0.3016,83.5,1.0
26.0,235.0,42.195,1.0,0.0,20.0,41.53,53.81,7.703,19.47,1.0,72.4,8.99,18.61,78.68,62.0,0.1796,209.06,1.0
32.0,321.0,42.195,1.0,0.0,18.0,25.9,31.29,9.385,13.57,2.0,69.18,28.93,1.89,78.74,29.0,0.0966,283.3,1.0
25.0,25.0,5.0,0.0,1.0,13.0,10.59,13.8,11.105,6.53,0.0,57.75,35.08,7.17,67.16,44.0,0.3057,34.14,0.0
29.0,30.0,5.0,2.0,0.0,11.0,17.78,24.07,7.859,4.17,0.0,78.26,16.19,5.55,58.27,50.0,0.0508,33.32,0.0
43.0,150.0,21.0975,1.0,1.0,20.0,24.76,36.19,8.259,13.97,0.0,49.25,27.69,23.06,100.0,27.0,0.2053,154.85,1.0
35.0,54.0,10.0,1.0,1.0,10.0,28.48,31.69,8.543,10.5,0.0,22.25,56.23,21.52,85.18,69.0,0.2248,71.03,0.0
22.0,38.0,5.0,0.0,2.0,8.0,10.13,16.17,11.703,4.01,0.0,59.02,33.77,7.22,90.54,64.0,0.097,42.72,0.0
22.0,39.0,10.0,0.0,0.0,15.0,30.55,37.43,10.06,11.56,0.0,72.18,23.97,3.86,81.79,88.0,0.2377,50.58,0.0
33.0,26.0,5.0,1.0,0.0,11.0,10.74,17.52,8.965,5.48,0.0,67.57,15.5,16.92,89.62,83.0,0.0447,32.84,0.0
26.0,71.0,10.0,0.0,0.0,16.0,20.69,28.22,9.75,6.64,0.0,73.41,13.91,12.68,95.59,34.0,0.0482,74.05,1.0
25.0,34.0,5.0,0.0,2.0,13.0,22.28,27.38,10.4,7.02,0.0,60.09,22.17,17.74,68.45,36.0,0.2073,35.05,1.0
27.0,117.0,21.0975,0.0,2.0,18.0,28.71,31.88,10.039,15.09,0.0,61.24,28.54,10.22,67.54,88.0,0.0755,142.38,0.0
30.0,102.0,21.0975,0.0,0.0,11.0,29.47,41.87,9.589,13.72,0.0,58.03,19.59,22.38,81.65,82.0,0.1426,130.79,0.0
43.0,215.0,42.195,0.0,0.0,20.0,36.8,47.39,10.085,17.79,2.0,60.25,29.38,10.37,66.58,61.0,0.0426,234.38,0.0
34.0,72.0,10.0,0.0,0.0,9.0,16.44,19.26,11.448,11.71,0.0,65.96,26.16,7.88,81.35,87.0,0.0436,78.96,0.0
38.0,29.0,5.0,0.0,0.0,9.0,17.96,25.71,10.144,8.61,0.0,60.95,15.82,23.22,75.78,32.0,0.0965,31.91,0.0
51.0,381.0,42.195,1.0,0.0,24.0,30.79,44.65,7.086,15.38,4.0,69.4,28.33,2.28,73.71,76.0,0.1856,292.47,1.0
33.0,207.0,21.0975,2.0,0.0,17.0,32.91,41.65,7.669,8.19,0.0,86.68,3.84,9.48,72.23,83.0,0.2233,190.35,1.0
46.0,285.0,42.195,0.0,0.0,19.0,42.07,56.86,8.716,14.09,1.0,68.19,21.18,10.62,91.22,74.0,0.047,257.33,1.0
37.0,210.0,42.195,2.0,0.0,12.0,39.47,54.68,6.598,15.88,3.0,51.57,34.05,14.38,64.42,86.0,0.059,194.45,1.0
27.0,234.0,42.195,0.0,1.0,24.0,31.2,43.54,10.537,14.57,1.0,37.93,46.71,15.36,86.45,49.0,0.2077,253.95,0.0
54.0,122.0,21.0975,2.0,0.0,12.0,25.06,29.95,7.946,8.77,0.0,41.41,34.7,23.89,81.72,37.0,0.1891,145.73,0.0
52.0,106.0,21.0975,1.0,0.0,16.0,28.72,33.33,9.28,14.48,0.0,47.78,31.22,21.0,90.39,57.0,0.1929,128.48,0.0
50.0,271.0,42.195,0.0,0.0,13.0,46.4,54.13,9.405,20.37,1.0,50.96,31.99,17.05,74.18,27.0,0.0446,214.71,1.0
31.0,109.0,21.0975,0.0,2.0,17.0,17.71,21.05,10.597,15.6,0.0,64.92,23.79,11.3,84.51,76.0,0.1663,143.48,0.0
24.0,79.0,10.0,0.0,2.0,12.0,13.62,21.66,11.903,10.21,0.0,78.82,12.01,9.17,91.52,35.0,0.0274,86.28,1.0
52.0,317.0,42.195,1.0,0.0,13.0,28.26,32.17,9.337,20.54,3.0,59.85,18.09,22.05,64.06,85.0,0.0872,269.31,1.0
35.0,124.0,21.0975,0.0,0.0,20.0,41.75,48.24,9.549,14.77,0.0,75.3,9.75,14.95,88.03,89.0,0.1503,134.47,1.0
52.0,18.0,5.0,0.0,0.0,11.0,13.07,21.51,10.438,5.72,0.0,45.09,32.44,22.46,92.58,53.0,0.1429,27.72,0.0
36.0,165.0,21.0975,0.0,0.0,20.0,38.17,47.29,9.46,12.72,0.0,76.95,12.39,10.66,72.4,79.0,0.3223,159.95,1.0
24.0,42.0,5.0,0.0,0.0,13.0,14.39,17.09,11.362,4.18,0.0,67.9,29.79,2.31,86.19,39.0,0.1982,44.3,1.0
55.0,141.0,21.0975,0.0,1.0,15.0,18.59,21.06,13.07,10.91,0.0,58.04,23.28,18.68,93.17,62.0,0.2573,172.95,0.0
34.0,154.0,21.0975,1.0,0.0,18.0,28.41,37.6,9.13,14.68,0.0,57.46,19.82,22.72,72.13,86.0,0.2053,155.67,1.0
34.0,29.0,5.0,0.0,0.0,6.0,13.86,22.15,10.664,8.86,0.0,74.21,3.58,22.22,83.42,40.0,0.1445,32.57,0.0
39.0,245.0,42.195,0.0,0.0,17.0,44.51,55.44,9.557,14.61,2.0,67.68,9.65,22.67,89.77,65.0,0.351,220.02,1.0
24.0,57.0,10.0,0.0,0.0,14.0,19.67,26.93,10.88,10.09,0.0,66.44,8.72,24.84,86.42,50.0,0.1677,63.64,0.0
40.0,61.0,10.0,2.0,0.0,11.0,27.66,32.4,8.657,11.46,0.0,67.68,8.72,23.6,83.59,47.0,0.3106,71.58,0.0
45.0,205.0,42.195,1.0,0.0,16.0,50.31,63.44,6.5,13.6,4.0,76.59,22.23,1.18,86.38,56.0,0.332,184.5,1.0
33.0,65.0,10.0,1.0,0.0,16.0,15.24,19.04,9.893,8.8,0.0,57.7,23.62,18.68,78.91,21.0,0.4639,70.27,0.0
39.0,235.0,42.195,1.0,0.0,15.0,46.69,64.06,6.587,12.75,2.0,76.01,17.92,6.08,97.25,57.0,0.1141,189.76,1.0
46.0,48.0,10.0,0.0,0.0,16.0,13.77,19.2,11.07,7.03,0.0,68.44,9.6,21.96,74.23,76.0,0.1897,61.25,0.0
55.0,175.0,21.0975,2.0,0.0,11.0,34.98,41.89,7.386,13.1,0.0,70.99,13.13,15.88,81.16,61.0,0.0803,155.38,1.0
51.0,173.0,21.0975,1.0,0.0,20.0,42.65,49.57,8.305,14.49,0.0,60.65,33.47,5.88,83.84,35.0,0.1264,166.7,1.0
32.0,194.0,21.0975,0.0,0.0,19.0,34.28,47.73,10.379,9.68,0.0,68.59,21.3,10.11,100.0,55.0,0.333,176.51,1.0
41.0,136.0,21.0975,0.0,0.0,12.0,16.67,24.44,11.593,15.68,0.0,66.37,22.09,11.54,94.15,54.0,0.1305,144.02,1.0
34.0,150.0,21.0975,0.0,0.0,10.0,29.28,37.11,8.916,11.36,0.0,52.97,34.9,12.12,61.03,69.0,0.1194,156.36,1.0
34.0,181.0,42.195,1.0,0.0,19.0,54.95,66.78,6.5,16.14,4.0,92.29,3.48,4.23,72.01,71.0,0.0636,131.25,1.0
24.0,164.0,21.0975,0.0,0.0,10.0,26.76,38.98,10.027,11.39,0.0,62.61,24.44,12.95,100.0,37.0,0.0305,164.24,1.0
41.0,20.0,5.0,2.0,1.0,12.0,9.6,12.78,8.309,8.19,0.0,33.68,50.44,15.88,70.63,34.0,0.1255,32.1,0.0
29.0,61.0,10.0,0.0,0.0,13.0,27.83,34.83,9.915,8.39,0.0,69.56,24.1,6.33,77.82,64.0,0.1539,65.47,1.0
31.0,213.0,42.195,0.0,0.0,20.0,53.45,67.41,6.702,20.28,4.0,83.14,7.42,9.44,75.53,82.0,0.041,158.25,1.0
33.0,137.0,21.0975,0.0,1.0,12.0,30.56,34.6,9.711,12.24,0.0,50.71,38.15,11.14,72.86,83.0,0.1728,157.05,0.0
52.0,41.0,5.0,1.0,0.0,14.0,24.3,27.63,8.685,8.42,0.0,38.85,39.21,21.94,59.38,74.0,0.1467,41.6,1.0
26.0,101.0,21.0975,0.0,0.0,20.0,32.5,47.28,10.355,10.79,0.0,38.15,38.97,22.88,91.11,89.0,0.1508,128.61,0.0
50.0,309.0,42.195,1.0,2.0,17.0,26.38,31.72,9.355,14.53,2.0,79.12,15.86,5.02,90.7,77.0,0.0195,325.36,0.0
50.0,154.0,21.0975,1.0,0.0,17.0,23.07,25.52,8.115,11.21,0.0,62.91,18.31,18.78,79.46,26.0,0.1914,161.46,1.0
28.0,44.0,10.0,1.0,1.0,12.0,14.75,17.1,9.513,8.74,0.0,15.39,62.5,22.11,89.43,62.0,0.4464,63.85,0.0
41.0,63.0,10.0,1.0,0.0,8.0,13.95,18.62,10.268,6.65,0.0,47.87,44.16,7.97,96.98,34.0,0.1485,76.23,0.0
50.0,33.0,5.0,1.0,0.0,7.0,7.78,11.01,8.328,5.99,0.0,60.91,21.25,17.84,68.14,54.0,0.0675,35.76,0.0
54.0,36.0,5.0,1.0,1.0,9.0,7.35,11.81,10.283,8.21,0.0,27.14,56.51,16.35,73.77,44.0,0.0268,46.57,0.0
52.0,311.0,42.195,1.0,0.0,13.0,33.26,40.29,8.633,12.03,2.0,75.62,0.0,24.38,75.94,68.0,0.2594,260.45,1.0
29.0,177.0,21.0975,1.0,0.0,16.0,17.93,20.66,8.935,15.11,0.0,50.94,37.26,11.8,100.0,48.0,0.0944,165.95,1.0
45.0,198.0,42.195,0.0,1.0,23.0,51.85,56.01,8.281,17.75,0.0,39.7,45.39,14.91,100.0,51.0,0.2811,223.59,0.0
48.0,191.0,21.0975,0.0,0.0,10.0,17.29,24.24,11.131,13.0,0.0,69.13,30.07,0.8,79.22,74.0,0.2887,184.91,1.0
26.0,45.0,5.0,0.0,2.0,12.0,15.51,22.79,10.629,8.63,0.0,72.96,11.75,15.29,91.72,49.0,0.1066,47.71,1.0
33.0,53.0,10.0,0.0,1.0,15.0,21.94,25.1,11.208,9.81,0.0,68.08,31.36,0.56,74.07,40.0,0.0657,62.3,0.0
26.0,24.0,5.0,0.0,1.0,12.0,16.32,20.52,10.04,5.79,0.0,47.49,39.84,12.66,79.04,47.0,0.0947,36.81,0.0
28.0,153.0,21.0975,0.0,2.0,17.0,17.28,24.61,11.323,15.44,0.0,54.0,27.84,18.17,93.36,89.0,0.0621,160.95,1.0
24.0,121.0,21.0975,2.0,0.0,17.0,20.45,27.14,8.852,13.12,0.0,67.74,10.66,21.61,72.54,54.0,0.2377,125.43,1.0
33.0,131.0,21.0975,1.0,0.0,17.0,26.58,36.06,9.416,12.39,0.0,59.98,24.78,15.24,88.86,72.0,0.3669,146.98,0.0
44.0,19.0,5.0,1.0,0.0,6.0,14.9,22.99,9.112,7.26,0.0,57.93,31.52,10.55,73.32,32.0,0.5557,27.84,0.0
23.0,184.0,21.0975,0.0,2.0,15.0,31.2,40.68,10.389,8.97,0.0,83.96,12.35,3.69,86.46,62.0,0.0246,174.41,1.0
32.0,114.0,21.0975,0.0,1.0,19.0,17.17,21.88,11.257,11.01,0.0,65.47,27.19,7.34,77.99,54.0,0.1054,155.84,0.0
23.0,326.0,42.195,0.0,0.0,18.0,54.89,63.64,8.574,13.32,2.0,33.57,42.57,23.86,90.0,41.0,0.0709,253.58,1.0
37.0,173.0,21.0975,0.0,0.0,15.0,42.88,49.53,9.654,13.58,0.0,35.2,40.1,24.7,97.03,40.0,0.177,155.41,1.0
42.0,204.0,21.0975,2.0,0.0,16.0,18.01,20.91,8.703,15.33,0.0,46.37,39.92,13.7,86.32,24.0,0.221,187.97,1.0
33.0,277.0,42.195,0.0,1.0,16.0,33.98,42.92,10.229,19.22,1.0,41.27,37.22,21.51,77.62,51.0,0.2928,237.69,1.0
50.0,81.0,10.0,2.0,0.0,14.0,13.72,20.02,8.729,10.41,0.0,68.03,15.35,16.62,89.1,29.0,0.1491,84.32,1.0
34.0,100.0,21.0975,0.0,0.0,20.0,26.19,33.62,10.118,15.34,0.0,37.06,38.09,24.85,74.3,70.0,0.1482,122.22,0.0
50.0,160.0,21.0975,2.0,0.0,17.0,34.87,38.23,6.5,13.68,0.0,65.12,29.39,5.48,95.68,91.0,0.0147,131.98,1.0
51.0,69.0,10.0,2.0,0.0,15.0,12.61,15.22,10.648,9.86,0.0,90.58,7.33,2.09,80.03,50.0,0.0807,76.11,1.0
54.0,71.0,10.0,0.0,0.0,9.0,15.4,19.12,11.673,9.08,0.0,56.48,23.17,20.35,96.18,72.0,0.0129,74.07,1.0
42.0,179.0,21.0975,0.0,1.0,14.0,18.77,25.68,10.609,14.73,0.0,21.53,57.54,20.93,88.6,39.0,0.1581,188.43,1.0
49.0,163.0,21.0975,1.0,0.0,14.0,26.73,35.04,9.192,15.94,0.0,61.3,17.29,21.41,79.63,43.0,0.1118,149.63,1.0
31.0,84.0,10.0,2.0,0.0,9.0,16.45,18.34,8.869,8.47,0.0,93.39,4.63,1.98,69.72,73.0,0.3954,82.2,1.0
52.0,157.0,21.0975,0.0,0.0,17.0,35.09,49.01,10.742,13.52,0.0,62.78,28.84,8.38,76.51,79.0,0.119,161.46,1.0
40.0,409.0,42.195,0.0,0.0,20.0,53.91,60.55,8.5,12.91,3.0,71.45,19.99,8.56,77.9,39.0,0.1589,310.79,1.0
31.0,394.0,42.195,1.0,0.0,21.0,49.99,57.27,7.201,13.13,3.0,65.44,18.2,16.36,75.94,69.0,0.2401,279.12,1.0
39.0,83.0,10.0,0.0,0.0,14.0,13.36,16.84,12.358,10.25,0.0,62.8,26.72,10.48,72.98,57.0,0.2801,83.09,1.0
40.0,31.0,5.0,0.0,0.0,9.0,20.42,27.74,8.3,8.34,0.0,69.3,21.66,9.04,70.6,43.0,0.0431,34.05,0.0
54.0,100.0,21.0975,0.0,0.0,10.0,23.01,25.8,11.812,11.45,0.0,76.32,21.63,2.05,52.59,45.0,0.1496,128.08,0.0
41.0,175.0,21.0975,1.0,0.0,15.0,32.68,41.04,8.628,14.94,0.0,49.8,44.85,5.36,84.3,57.0,0.107,167.71,1.0
28.0,266.0,42.195,2.0,0.0,23.0,48.09,61.88,7.213,18.93,2.0,81.5,4.78,13.72,89.07,36.0,0.1982,192.76,1.0
30.0,156.0,21.0975,1.0,0.0,17.0,25.27,29.95,9.47,12.77,0.0,45.25,31.28,23.47,80.03,34.0,0.3514,147.6,1.0
23.0,363.0,42.195,2.0,0.0,12.0,39.62,48.07,7.076,12.09,4.0,61.92,16.33,21.75,85.8,33.0,0.2575,248.42,1.0
37.0,95.0,21.0975,0.0,0.0,18.0,20.39,28.81,10.635,8.01,0.0,42.84,37.11,20.05,70.55,76.0,0.3542,130.09,0.0
55.0,133.0,21.0975,0.0,0.0,16.0,35.69,39.01,8.327,15.33,0.0,49.7,35.57,14.74,77.67,35.0,0.09,153.58,0.0
46.0,102.0,21.0975,0.0,0.0,20.0,16.48,23.02,11.696,13.08,0.0,61.8,17.12,21.08,82.31,23.0,0.1834,127.68,0.0
45.0,19.0,5.0,0.0,1.0,9.0,15.16,19.59,11.082,6.99,0.0,39.46,45.36,15.19,77.48,26.0,0.2773,32.55,0.0
25.0,53.0,10.0,1.0,0.0,12.0,26.76,30.18,8.031,6.2,0.0,88.58,11.38,0.04,87.57,34.0,0.0416,61.93,0.0
38.0,245.0,42.195,1.0,0.0,16.0,39.02,48.45,6.916,13.7,3.0,61.03,21.37,17.61,89.46,85.0,0.3312,231.53,1.0
32.0,395.0,42.195,2.0,0.0,17.0,38.25,52.57,7.758,14.66,0.0,82.38,9.56,8.06,90.31,37.0,0.3824,287.13,1.0
30.0,50.0,10.0,1.0,0.0,15.0,31.92,37.13,8.11,11.4,0.0,72.17,18.83,9.01,100.0,35.0,0.2325,62.06,0.0
30.0,56.0,10.0,1.0,1.0,14.0,11.82,16.57,8.666,8.35,0.0,55.81,30.51,13.68,78.73,44.0,0.122,70.74,0.0
29.0,407.0,42.195,0.0,0.0,15.0,45.7,55.99,8.079,13.35,4.0,65.08,29.09,5.83,97.19,35.0,0.1239,297.96,1.0
49.0,40.0,5.0,1.0,0.0,13.0,9.79,15.38,9.774,6.2,0.0,71.77,19.75,8.48,78.42,70.0,0.2439,42.15,1.0
25.0,29.0,5.0,1.0,1.0,13.0,10.98,14.69,9.843,8.85,0.0,13.92,64.96,21.12,89.75,54.0,0.3594,40.12,0.0
46.0,181.0,21.0975,1.0,2.0,10.0,33.52,41.54,8.605,14.71,0.0,87.95,8.86,3.19,87.29,46.0,0.3453,169.4,1.0
47.0,95.0,21.0975,2.0,2.0,16.0,17.79,22.44,8.013,12.98,0.0,74.59,10.48,14.93,57.7,81.0,0.1261,132.22,0.0
23.0,104.0,21.0975,0.0,0.0,10.0,38.23,49.76,7.486,10.94,0.0,60.18,20.37,19.46,91.95,49.0,0.0946,109.05,1.0
28.0,34.0,5.0,0.0,2.0,11.0,16.19,24.88,8.867,7.92,0.0,66.26,20.67,13.07,65.09,72.0,0.0842,36.81,0.0
26.0,42.0,5.0,1.0,1.0,12.0,18.56,25.54,6.857,5.74,0.0,47.75,50.87,1.38,79.86,58.0,0.2551,48.7,0.0
44.0,37.0,5.0,1.0,0.0,6.0,12.49,16.48,10.739,6.43,0.0,57.7,21.65,20.65,83.97,29.0,0.1573,39.82,1.0
31.0,81.0,10.0,1.0,0.0,10.0,13.96,22.14,8.839,7.2,0.0,53.44,35.58,10.98,84.61,56.0,0.3398,78.4,1.0
30.0,145.0,21.0975,0.0,0.0,15.0,33.87,39.34,9.891,11.91,0.0,55.82,35.83,8.35,64.45,61.0,0.1717,153.71,1.0
27.0,78.0,10.0,0.0,2.0,12.0,11.77,15.05,11.364,8.63,0.0,83.98,10.04,5.98,83.3,84.0,0.2773,82.77,1.0
48.0,25.0,5.0,1.0,0.0,9.0,14.43,18.03,10.151,8.48,0.0,63.97,22.71,13.32,56.65,84.0,0.1246,30.03,0.0
55.0,73.0,10.0,1.0,0.0,14.0,15.9,22.15,9.718,7.19,0.0,83.0,11.72,5.27,65.12,42.0,0.2381,75.46,1.0
22.0,23.0,5.0,0.0,0.0,13.0,14.27,22.95,10.832,7.12,0.0,91.72,7.94,0.34,85.36,85.0,0.4501,31.35,0.0
54.0,232.0,42.195,0.0,2.0,13.0,49.96,64.02,6.977,15.46,4.0,82.03,2.57,15.41,100.0,56.0,0.094,237.96,1.0
42.0,394.0,42.195,1.0,1.0,18.0,46.65,64.73,6.923,14.17,3.0,46.67,37.06,16.27,100.0,31.0,0.5168,266.64,1.0
33.0,43.0,10.0,1.0,0.0,11.0,23.21,36.5,7.489,9.7,0.0,65.07,12.48,22.45,75.98,78.0,0.4751,57.61,0.0
53.0,168.0,21.0975,0.0,0.0,10.0,18.84,25.24,11.537,8.25,0.0,76.57,11.63,11.8,82.36,28.0,0.1452,178.76,1.0
47.0,41.0,10.0,1.0,2.0,16.0,15.72,17.58,8.693,10.53,0.0,68.05,23.83,8.13,87.49,46.0,0.0857,55.75,0.0
51.0,129.0,21.0975,2.0,0.0,16.0,27.53,35.26,7.759,12.81,0.0,65.07,26.23,8.7,93.97,71.0,0.3353,146.28,0.0
50.0,18.0,5.0,0.0,1.0,13.0,7.89,10.3,10.187,6.41,0.0,28.81,53.22,17.97,81.04,77.0,0.1952,33.29,0.0
43.0,39.0,10.0,0.0,2.0,13.0,13.51,16.67,11.519,7.81,0.0,60.43,28.02,11.55,99.86,82.0,0.0004,56.13,0.0
27.0,60.0,10.0,2.0,2.0,12.0,10.13,15.98,7.993,9.31,0.0,70.62,22.87,6.51,65.96,72.0,0.1471,65.03,1.0
44.0,241.0,42.195,1.0,2.0,19.0,47.75,57.82,6.806,15.36,3.0,42.14,38.95,18.9,76.13,57.0,0.0314,196.0,1.0
22.0,386.0,42.195,1.0,1.0,20.0,34.66,38.77,9.616,14.8,3.0,15.1,71.21,13.68,91.34,36.0,0.1187,317.56,1.0
45.0,30.0,5.0,2.0,0.0,12.0,16.4,24.21,6.5,8.99,0.0,70.6,5.52,23.88,97.25,35.0,0.0953,33.9,0.0
40.0,40.0,10.0,0.0,0.0,12.0,25.19,28.66,9.722,11.53,0.0,62.31,19.87,17.82,63.67,70.0,0.0243,55.98,0.0
24.0,78.0,10.0,1.0,0.0,13.0,27.74,37.87,8.24,6.82,0.0,55.94,21.23,22.83,82.9,30.0,0.0657,79.1,1.0
35.0,309.0,42.195,1.0,0.0,14.0,47.21,64.14,6.5,17.26,0.0,53.53,28.04,18.44,92.95,75.0,0.3368,249.16,1.0
47.0,140.0,21.0975,1.0,0.0,14.0,42.62,47.56,7.777,8.58,0.0,71.19,8.23,20.58,63.32,86.0,0.2215,143.55,1.0
33.0,176.0,21.0975,0.0,2.0,15.0,18.82,25.34,9.921,13.91,0.0,79.02,7.74,13.24,84.11,47.0,0.1657,170.06,1.0
27.0,19.0,5.0,1.0,0.0,10.0,20.05,28.44,9.047,5.17,0.0,88.0,0.0,12.0,76.63,30.0,0.0753,27.27,0.0
23.0,193.0,42.195,0.0,1.0,13.0,26.82,29.12,12.248,13.66,4.0,46.88,35.22,17.9,83.9,88.0,0.2335,257.1,0.0
26.0,24.0,5.0,1.0,0.0,10.0,9.92,11.87,10.162,6.45,0.0,75.81,18.81,5.38,93.0,47.0,0.2226,32.06,0.0
42.0,269.0,42.195,0.0,1.0,17.0,34.37,47.44,10.533,13.92,4.0,45.13,45.16,9.71,81.55,62.0,0.1373,255.96,1.0
24.0,55.0,10.0,1.0,0.0,16.0,15.27,23.38,8.783,9.1,0.0,58.51,38.05,3.43,69.78,51.0,0.0978,63.9,0.0
53.0,167.0,21.0975,0.0,0.0,18.0,38.36,49.65,8.559,15.92,0.0,85.26,0.0,14.74,85.65,52.0,0.0618,150.67,1.0
41.0,237.0,42.195,1.0,0.0,15.0,40.77,55.84,7.305,14.73,0.0,95.96,0.0,4.04,73.52,60.0,0.237,223.7,1.0
26.0,176.0,21.0975,1.0,0.0,15.0,30.79,46.35,7.073,8.9,0.0,41.45,40.14,18.41,94.02,51.0,0.4234,154.79,1.0
39.0,109.0,21.0975,1.0,0.0,11.0,37.93,45.72,7.564,9.36,0.0,77.14,14.09,8.77,77.58,50.0,0.1897,116.22,1.0
37.0,69.0,10.0,1.0,1.0,9.0,18.84,21.94,10.258,11.1,0.0,56.01,36.86,7.14,67.81,46.0,0.3282,73.96,0.0
54.0,206.0,42.195,0.0,0.0,13.0,32.97,42.15,9.734,17.5,1.0,62.76,23.01,14.24,86.04,88.0,0.0336,241.16,0.0
49.0,89.0,10.0,1.0,1.0,8.0,24.84,30.05,8.508,8.14,0.0,37.63,50.2,12.17,99.48,87.0,0.1096,91.78,1.0
53.0,77.0,10.0,0.0,0.0,9.0,17.33,21.91,11.308,6.05,0.0,59.49,32.92,7.59,80.35,78.0,0.0969,83.36,1.0
37.0,74.0,10.0,1.0,2.0,16.0,28.94,34.98,7.999,9.4,0.0,63.98,30.94,5.08,68.14,81.0,0.0913,73.18,1.0
46.0,31.0,5.0,2.0,0.0,7.0,8.59,13.01,6.965,5.81,0.0,71.13,7.25,21.62,87.77,80.0,0.2647,37.58,0.0
52.0,200.0,21.0975,1.0,0.0,18.0,27.15,38.12,9.399,9.28,0.0,76.42,3.0,20.59,89.33,46.0,0.0743,192.9,1.0
42.0,290.0,42.195,1.0,0.0,20.0,39.25,47.83,7.472,17.7,2.0,70.86,26.42,2.71,78.3,55.0,0.2179,246.94,1.0
27.0,132.0,21.0975,0.0,0.0,14.0,24.5,27.81,9.744,9.2,0.0,76.47,14.16,9.37,67.56,46.0,0.171,136.32,1.0
24.0,189.0,21.0975,1.0,0.0,11.0,29.0,40.98,7.451,11.57,0.0,69.42,17.67,12.9,83.7,60.0,0.0884,171.32,0.0
39.0,39.0,5.0,2.0,0.0,13.0,14.95,20.16,9.107,8.4,0.0,68.17,23.85,7.97,68.94,43.0,0.1949,41.0,1.0
23.0,40.0,5.0,1.0,0.0,13.0,12.59,19.83,8.27,6.18,0.0,67.94,28.0,4.07,73.11,41.0,0.3318,38.71,0.0
26.0,56.0,10.0,0.0,0.0,15.0,12.13,15.46,11.813,7.59,0.0,61.68,23.04,15.28,99.89,75.0,0.185,63.1,0.0
43.0,336.0,42.195,0.0,0.0,19.0,53.58,60.79,8.489,18.37,2.0,44.69,33.52,21.79,92.48,21.0,0.3096,235.15,1.0
43.0,95.0,21.0975,2.0,2.0,16.0,21.02,30.42,8.86,14.01,0.0,88.23,4.28,7.49,87.4,56.0,0.0393,122.98,0.0
48.0,43.0,5.0,0.0,0.0,9.0,14.91,17.88,11.095,5.91,0.0,74.71,7.86,17.43,82.05,36.0,0.2453,45.38,1.0
50.0,86.0,10.0,0.0,2.0,10.0,22.66,30.88,9.439,8.05,0.0,53.03,33.38,13.59,68.35,59.0,0.057,86.62,0.0
43.0,332.0,42.195,1.0,0.0,22.0,28.96,31.35,10.683,16.93,4.0,65.84,33.11,1.05,66.77,46.0,0.3041,273.66,1.0
43.0,285.0,42.195,0.0,2.0,19.0,25.52,35.54,10.883,21.41,1.0,67.84,23.65,8.51,86.52,77.0,0.1703,302.22,0.0
34.0,372.0,42.195,1.0,0.0,21.0,37.93,47.21,7.543,15.64,1.0,78.32,16.39,5.28,63.59,54.0,0.043,280.87,1.0
52.0,205.0,21.0975,0.0,1.0,19.0,25.24,36.92,10.189,11.21,0.0,33.22,59.32,7.46,70.14,45.0,0.0671,185.09,1.0
30.0,335.0,42.195,1.0,0.0,24.0,26.39,33.64,10.197,19.2,1.0,81.63,0.87,17.5,71.26,31.0,0.1598,286.53,1.0
51.0,44.0,10.0,0.0,0.0,16.0,27.75,35.42,9.137,8.14,0.0,54.97,26.21,18.83,82.66,28.0,0.2317,61.93,0.0
49.0,62.0,10.0,0.0,0.0,11.0,25.72,36.8,10.389,11.81,0.0,62.62,14.65,22.73,91.98,76.0,0.1376,63.53,1.0
23.0,122.0,21.0975,1.0,0.0,12.0,29.35,43.71,8.612,8.68,0.0,66.57,9.23,24.2,82.57,34.0,0.4344,139.89,0.0
30.0,52.0,10.0,2.0,0.0,10.0,11.69,15.36,7.991,9.7,0.0,59.77,37.24,2.99,94.16,38.0,0.1858,64.51,0.0
27.0,261.0,42.195,1.0,2.0,18.0,23.58,28.28,9.682,16.93,1.0,50.44,34.68,14.89,68.14,87.0,0.1631,262.48,1.0
39.0,143.0,21.0975,1.0,2.0,12.0,28.92,42.76,7.871,11.97,0.0,85.79,13.18,1.03,82.07,28.0,0.0455,154.37,0.0
55.0,83.0,10.0,2.0,0.0,8.0,20.79,31.09,6.512,9.28,0.0,85.44,0.0,14.56,86.77,91.0,0.241,81.95,1.0
50.0,102.0,21.0975,1.0,0.0,10.0,34.42,41.84,8.969,9.97,0.0,57.33,32.21,10.46,87.56,73.0,0.0976,129.17,0.0
25.0,18.0,5.0,0.0,0.0,12.0,21.62,25.26,8.875,8.54,0.0,86.0,1.58,12.42,96.56,81.0,0.3097,23.97,0.0
42.0,91.0,10.0,2.0,0.0,15.0,13.18,15.46,8.215,9.35,0.0,82.45,10.94,6.62,91.84,74.0,0.2433,88.35,1.0
28.0,237.0,42.195,0.0,0.0,12.0,28.49,32.74,11.143,19.27,4.0,75.65,3.52,20.83,77.65,76.0,0.0944,244.98,1.0
26.0,24.0,5.0,0.0,0.0,7.0,13.73,19.99,11.16,7.89,0.0,65.17,9.88,24.95,95.92,84.0,0.1688,28.31,0.0
25.0,358.0,42.195,0.0,1.0,23.0,33.71,43.2,9.657,21.95,0.0,50.89,33.28,15.84,76.33,67.0,0.2514,318.83,1.0
26.0,125.0,21.0975,0.0,2.0,19.0,25.5,27.96,10.872,11.44,0.0,90.76,7.66,1.58,60.58,81.0,0.5903,147.23,0.0
33.0,28.0,5.0,1.0,0.0,8.0,22.24,25.66,8.23,5.95,0.0,55.02,22.25,22.73,97.07,52.0,0.3924,32.92,0.0
33.0,260.0,42.195,0.0,1.0,24.0,46.2,55.35,9.926,12.4,4.0,64.89,30.31,4.8,83.68,26.0,0.1841,237.52,1.0
53.0,91.0,10.0,0.0,0.0,10.0,13.56,16.6,11.12,11.46,0.0,76.62,17.2,6.18,74.68,49.0,0.1064,88.48,1.0
26.0,29.0,5.0,1.0,0.0,14.0,21.65,28.1,7.521,8.72,0.0,77.72,12.08,10.2,98.52,28.0,0.3198,32.24,0.0
29.0,207.0,42.195,1.0,0.0,21.0,26.7,33.73,10.166,16.84,2.0,84.09,12.82,3.1,73.39,33.0,0.0657,216.46,1.0
40.0,165.0,21.0975,0.0,2.0,12.0,27.35,36.67,9.55,8.78,0.0,56.57,32.55,10.88,84.78,86.0,0.0114,174.91,1.0
35.0,297.0,42.195,0.0,0.0,12.0,54.41,63.98,7.216,12.31,2.0,79.67,1.32,19.0,63.59,87.0,0.2581,238.19,1.0
39.0,93.0,10.0,1.0,0.0,14.0,15.47,23.34,8.318,10.06,0.0,57.87,17.38,24.75,85.32,52.0,0.3182,91.52,1.0
32.0,164.0,21.0975,1.0,2.0,17.0,24.57,35.56,9.751,14.43,0.0,73.7,20.5,5.8,76.86,34.0,0.1778,159.67,0.0
24.0,34.0,5.0,0.0,0.0,6.0,14.52,18.25,9.774,8.4,0.0,44.12,40.23,15.64,51.93,36.0,0.0936,37.54,0.0
34.0,43.0,5.0,1.0,1.0,6.0,16.11,22.24,9.999,4.33,0.0,37.2,45.68,17.12,85.17,22.0,0.2711,49.79,0.0
49.0,136.0,21.0975,0.0,0.0,10.0,18.03,20.95,11.596,12.38,0.0,93.27,4.4,2.32,93.77,56.0,0.2116,162.87,0.0
44.0,136.0,21.0975,1.0,1.0,17.0,15.58,22.55,9.205,9.32,0.0,41.5,37.68,20.81,72.61,33.0,0.4689,169.18,0.0
46.0,40.0,10.0,1.0,2.0,16.0,28.86,36.87,6.5,10.8,0.0,82.47,7.49,10.04,100.0,85.0,0.0769,51.35,0.0
46.0,139.0,21.0975,0.0,0.0,10.0,18.86,26.05,10.632,14.94,0.0,63.36,27.09,9.55,99.24,67.0,0.1838,160.03,0.0
24.0,300.0,42.195,1.0,0.0,21.0,56.08,60.61,6.766,15.57,3.0,93.98,0.0,6.02,82.54,43.0,0.2052,226.57,1.0
41.0,171.0,21.0975,1.0,1.0,12.0,38.32,48.19,7.313,13.65,0.0,62.97,36.84,0.19,61.95,60.0,0.1297,155.59,1.0
53.0,95.0,21.0975,1.0,1.0,13.0,22.48,30.83,8.114,13.31,0.0,60.95,27.6,11.45,67.83,47.0,0.1535,130.82,0.0
22.0,30.0,5.0,1.0,0.0,14.0,11.61,17.42,10.648,4.99,0.0,54.0,23.86,22.14,79.94,68.0,0.3297,36.45,0.0
37.0,52.0,10.0,0.0,1.0,13.0,18.13,25.26,10.411,8.64,0.0,37.9,57.24,4.86,87.89,53.0,0.1325,65.08,0.0
51.0,168.0,21.0975,0.0,0.0,10.0,34.93,42.44,10.587,14.75,0.0,65.69,31.59,2.72,82.43,38.0,0.0494,172.78,1.0
49.0,158.0,21.0975,1.0,0.0,13.0,29.56,35.81,8.52,8.43,0.0,85.95,3.72,10.32,82.0,27.0,0.1523,162.53,1.0
51.0,39.0,5.0,1.0,2.0,12.0,17.32,27.88,7.455,6.65,0.0,62.82,19.52,17.66,53.04,62.0,0.4315,41.6,0.0
55.0,27.0,5.0,0.0,0.0,8.0,14.09,22.33,10.117,8.37,0.0,68.48,16.96,14.55,59.12,27.0,0.3445,29.7,0.0
30.0,187.0,21.0975,0.0,2.0,18.0,22.84,26.38,10.318,15.43,0.0,72.58,12.19,15.23,61.33,66.0,0.1039,180.94,1.0
30.0,210.0,21.0975,1.0,0.0,18.0,16.23,24.1,8.243,12.23,0.0,45.57,29.84,24.59,91.44,86.0,0.052,189.37,1.0
43.0,45.0,10.0,1.0,0.0,10.0,15.26,20.0,9.1,6.09,0.0,63.81,14.36,21.83,93.66,70.0,0.2131,58.61,0.0
27.0,41.0,5.0,1.0,0.0,10.0,8.51,11.57,8.371,6.05,0.0,53.31,23.48,23.21,84.9,86.0,0.2498,40.33,1.0
35.0,151.0,21.0975,0.0,0.0,14.0,42.55,48.97,7.82,8.25,0.0,62.08,17.79,20.13,81.53,84.0,0.4997,158.97,1.0
37.0,20.0,5.0,0.0,0.0,10.0,14.31,20.38,11.86,6.16,0.0,78.54,21.45,0.01,77.07,28.0,0.3695,25.81,0.0
30.0,370.0,42.195,0.0,2.0,13.0,41.54,51.55,9.053,16.69,3.0,89.81,1.92,8.27,89.13,39.0,0.0956,255.28,1.0
24.0,70.0,10.0,1.0,0.0,9.0,20.62,27.12,9.097,9.96,0.0,68.15,7.5,24.35,65.51,91.0,0.2926,65.89,1.0
23.0,308.0,42.195,0.0,0.0,15.0,22.44,30.19,10.959,12.25,3.0,64.74,17.74,17.52,81.1,61.0,0.1802,276.49,1.0
43.0,58.0,10.0,0.0,0.0,15.0,20.68,30.82,9.45,10.8,0.0,51.78,34.8,13.43,97.59,44.0,0.1122,69.32,0.0
32.0,310.0,42.195,2.0,2.0,19.0,45.57,59.67,7.34,12.15,2.0,66.12,33.68,0.2,100.0,68.0,0.065,242.0,1.0
51.0,122.0,21.0975,1.0,0.0,19.0,19.38,25.03,9.905,11.61,0.0,96.89,0.87,2.24,67.24,22.0,0.0655,149.96,0.0
54.0,24.0,5.0,0.0,0.0,13.0,10.24,13.83,11.466,6.64,0.0,92.15,6.86,0.99,76.86,31.0,0.3031,27.32,0.0
33.0,344.0,42.195,0.0,2.0,19.0,56.16,69.49,7.829,17.33,4.0,75.93,17.7,6.36,79.03,41.0,0.1567,232.77,1.0
22.0,100.0,21.0975,0.0,1.0,18.0,16.14,21.36,10.794,13.73,0.0,30.04,45.08,24.87,85.71,24.0,0.1243,130.3,0.0
46.0,160.0,21.0975,0.0,0.0,13.0,26.53,32.18,10.37,14.08,0.0,77.22,19.97,2.81,95.19,26.0,0.2709,160.81,1.0
30.0,269.0,42.195,1.0,2.0,13.0,61.6,69.9,6.5,15.87,1.0,86.38,10.97,2.65,100.0,40.0,0.1201,200.81,1.0
25.0,183.0,21.0975,0.0,2.0,20.0,35.03,48.21,7.996,14.29,0.0,36.41,43.77,19.82,90.84,67.0,0.3437,170.37,1.0
33.0,95.0,10.0,1.0,0.0,9.0,22.56,32.44,9.308,8.56,0.0,79.75,10.77,9.48,70.02,41.0,0.1745,89.4,1.0
36.0,23.0,5.0,1.0,0.0,11.0,18.96,24.06,8.69,6.41,0.0,49.46,31.45,19.09,79.4,75.0,0.0317,27.13,0.0
31.0,360.0,42.195,0.0,0.0,20.0,24.19,34.42,10.89,19.45,1.0,38.01,38.08,23.91,95.51,67.0,0.1844,312.87,1.0
24.0,207.0,42.195,0.0,2.0,17.0,29.8,38.39,10.286,19.7,2.0,77.27,15.65,7.08,72.9,55.0,0.2932,251.45,0.0
29.0,185.0,21.0975,2.0,0.0,18.0,27.37,36.52,7.35,12.2,0.0,71.84,24.25,3.91,95.28,29.0,0.0692,170.01,1.0
35.0,311.0,42.195,0.0,0.0,13.0,37.04,47.64,9.582,20.1,4.0,33.7,49.4,16.91,100.0,84.0,0.0407,243.72,0.0
22.0,34.0,5.0,0.0,2.0,13.0,17.63,25.63,10.263,4.55,0.0,56.62,34.64,8.74,100.0,61.0,0.1366,38.8,0.0
42.0,282.0,42.195,0.0,0.0,23.0,49.95,69.63,9.785,13.73,1.0,78.22,13.73,8.06,83.61,38.0,0.3329,210.62,1.0
33.0,34.0,5.0,0.0,2.0,12.0,14.18,19.31,11.007,6.83,0.0,77.58,7.92,14.5,94.4,63.0,0.152,35.6,1.0
29.0,165.0,21.0975,1.0,0.0,16.0,26.79,30.05,9.742,9.1,0.0,43.63,32.19,24.18,80.52,62.0,0.0337,156.93,1.0
54.0,39.0,5.0,0.0,1.0,14.0,16.51,20.56,11.378,4.85,0.0,53.24,23.84,22.92,83.86,86.0,0.0798,45.57,0.0
34.0,184.0,21.0975,1.0,1.0,18.0,21.78,25.4,9.282,11.12,0.0,68.76,18.54,12.69,54.14,35.0,0.1377,180.74,1.0
31.0,178.0,21.0975,0.0,0.0,12.0,42.02,49.25,8.962,14.42,0.0,64.53,33.74,1.73,57.14,62.0,0.1358,158.28,1.0
26.0,36.0,5.0,0.0,2.0,14.0,21.07,29.04,9.718,6.1,0.0,69.93,23.35,6.72,82.48,84.0,0.0674,39.6,1.0
25.0,23.0,5.0,1.0,2.0,13.0,16.04,18.41,8.313,4.73,0.0,36.3,43.71,19.99,66.08,22.0,0.1996,29.68,0.0
44.0,97.0,21.0975,0.0,0.0,12.0,31.35,45.19,8.865,14.87,0.0,62.54,23.71,13.75,64.33,64.0,0.0575,126.71,0.0
48.0,153.0,21.0975,0.0,0.0,19.0,38.56,46.46,8.406,8.64,0.0,89.79,0.51,9.71,74.12,83.0,0.2486,162.93,0.0
23.0,188.0,21.0975,0.0,0.0,13.0,34.35,44.16,9.52,11.93,0.0,77.76,22.12,0.12,77.77,63.0,0.515,169.68,1.0
43.0,97.0,21.0975,0.0,2.0,19.0,22.57,27.32,9.954,8.44,0.0,61.69,34.27,4.03,78.42,28.0,0.309,132.33,0.0
41.0,25.0,5.0,2.0,0.0,8.0,23.06,27.6,7.37,7.72,0.0,64.28,14.87,20.85,86.69,56.0,0.1175,27.52,0.0
29.0,181.0,21.0975,0.0,1.0,13.0,33.02,47.84,10.112,13.1,0.0,51.53,37.73,10.74,76.43,47.0,0.0152,176.46,1.0
47.0,206.0,42.195,1.0,0.0,22.0,28.86,37.27,10.422,17.5,2.0,78.39,13.47,8.14,91.75,22.0,0.0928,231.06,0.0
43.0,79.0,10.0,1.0,0.0,15.0,14.55,22.92,9.625,9.06,0.0,52.54,23.19,24.27,72.59,87.0,0.0786,81.47,1.0
42.0,84.0,10.0,0.0,0.0,12.0,22.76,33.47,8.667,10.55,0.0,49.21,27.38,23.41,63.46,77.0,0.3163,85.1,1.0
39.0,135.0,21.0975,0.0,0.0,17.0,23.49,33.66,9.414,12.38,0.0,83.88,14.26,1.86,73.34,24.0,0.3238,142.89,1.0
49.0,319.0,42.195,0.0,2.0,20.0,32.29,37.08,10.056,14.71,3.0,90.85,0.0,9.15,94.45,59.0,0.0803,307.96,1.0
46.0,139.0,21.0975,2.0,1.0,15.0,31.4,42.1,7.38,14.62,0.0,50.26,45.43,4.31,84.9,41.0,0.3093,145.72,1.0
47.0,21.0,5.0,1.0,2.0,12.0,19.04,25.46,8.657,7.92,0.0,52.99,25.63,21.38,100.0,42.0,0.0206,27.91,0.0
33.0,399.0,42.195,1.0,0.0,16.0,26.31,30.3,10.895,12.7,3.0,64.7,17.15,18.15,100.0,21.0,0.2803,326.8,1.0
45.0,75.0,10.0,0.0,0.0,8.0,17.3,20.52,11.163,10.33,0.0,38.75,41.61,19.64,61.7,26.0,0.1801,82.68,1.0
45.0,103.0,21.0975,1.0,0.0,17.0,34.91,40.33,8.366,10.83,0.0,62.75,26.15,11.1,57.4,73.0,0.3424,127.33,0.0
28.0,404.0,42.195,1.0,0.0,13.0,25.63,30.97,8.054,14.27,3.0,43.18,34.64,22.18,70.35,26.0,0.015,320.05,1.0
38.0,45.0,5.0,0.0,0.0,7.0,18.15,28.11,10.184,4.7,0.0,71.21,13.74,15.05,75.46,72.0,0.3897,47.64,1.0
50.0,40.0,5.0,1.0,0.0,11.0,18.13,28.13,8.308,5.44,0.0,45.69,36.75,17.56,78.32,47.0,0.0724,39.12,1.0
26.0,37.0,5.0,0.0,0.0,11.0,14.29,16.76,11.021,6.47,0.0,67.22,22.87,9.91,63.04,45.0,0.3161,42.41,0.0
28.0,91.0,10.0,0.0,0.0,14.0,19.11,23.61,11.589,11.9,0.0,60.46,25.26,14.28,90.28,84.0,0.1209,92.38,1.0
31.0,94.0,10.0,1.0,0.0,9.0,13.12,15.02,9.777,6.99,0.0,74.93,15.41,9.66,83.35,85.0,0.1942,89.0,1.0
42.0,154.0,21.0975,1.0,0.0,16.0,27.86,39.58,8.526,11.77,0.0,53.55,31.01,15.44,77.18,27.0,0.139,161.4,1.0
45.0,70.0,10.0,2.0,0.0,9.0,26.14,31.18,7.95,8.63,0.0,76.08,15.75,8.17,66.56,89.0,0.2143,71.7,1.0
44.0,145.0,21.0975,0.0,1.0,16.0,18.46,25.88,11.693,9.9,0.0,43.72,52.68,3.6,77.81,77.0,0.1772,170.64,0.0
28.0,177.0,21.0975,2.0,0.0,13.0,34.89,37.94,7.089,8.62,0.0,47.36,30.53,22.1,77.22,47.0,0.1101,162.81,1.0
44.0,34.0,5.0,0.0,0.0,12.0,10.53,13.14,12.298,7.62,0.0,66.28,19.99,13.73,99.89,73.0,0.1419,37.89,1.0
28.0,62.0,10.0,0.0,1.0,14.0,12.18,17.79,12.236,9.79,0.0,11.12,65.59,23.28,63.65,75.0,0.1862,74.91,0.0
55.0,182.0,21.0975,0.0,0.0,15.0,39.63,44.02,9.305,14.08,0.0,67.14,18.37,14.49,94.0,71.0,0.3956,170.57,1.0
33.0,288.0,42.195,1.0,1.0,16.0,57.37,63.99,6.5,18.55,1.0,58.07,21.49,20.44,64.88,58.0,0.0884,253.2,1.0
22.0,122.0,21.0975,0.0,0.0,11.0,39.22,49.72,8.805,11.41,0.0,46.48,39.9,13.62,86.97,91.0,0.4457,130.46,1.0
27.0,107.0,21.0975,0.0,0.0,13.0,23.61,29.54,11.071,9.3,0.0,72.9,16.83,10.27,92.17,54.0,0.2281,132.88,0.0
47.0,63.0,10.0,0.0,0.0,15.0,23.19,33.12,8.7,6.43,0.0,86.93,5.2,7.88,79.37,82.0,0.2903,66.78,0.0
45.0,159.0,21.0975,0.0,2.0,10.0,30.08,44.96,9.992,13.56,0.0,60.24,18.84,20.92,100.0,88.0,0.2823,168.79,1.0
34.0,109.0,21.0975,0.0,0.0,15.0,26.36,31.89,10.285,10.52,0.0,72.23,9.24,18.53,80.87,55.0,0.1981,124.09,0.0
30.0,83.0,10.0,0.0,0.0,16.0,25.1,29.33,10.701,9.37,0.0,47.85,36.0,16.15,74.56,42.0,0.0276,85.45,1.0
44.0,193.0,21.0975,1.0,0.0,18.0,22.59,29.41,9.678,8.96,0.0,67.14,9.82,23.04,86.35,67.0,0.1346,187.48,1.0
23.0,25.0,5.0,0.0,0.0,6.0,6.18,10.25,12.623,8.62,0.0,63.34,17.02,19.64,92.24,52.0,0.1298,32.47,0.0
24.0,95.0,10.0,2.0,2.0,16.0,17.02,19.88,8.826,9.94,0.0,90.46,4.08,5.46,86.98,70.0,0.3171,89.8,1.0
35.0,64.0,10.0,1.0,0.0,14.0,15.91,19.77,9.824,9.27,0.0,85.04,2.38,12.58,78.74,81.0,0.2186,70.78,1.0
22.0,133.0,21.0975,0.0,1.0,13.0,18.04,20.36,11.7,14.36,0.0,61.82,36.78,1.39,60.73,66.0,0.2515,152.42,0.0
23.0,363.0,42.195,2.0,1.0,16.0,27.93,35.79,8.688,15.32,0.0,23.14,54.97,21.9,80.44,76.0,0.1017,314.68,1.0
52.0,356.0,42.195,1.0,0.0,18.0,44.17,51.83,7.025,13.21,0.0,68.98,14.92,16.09,100.0,75.0,0.1239,277.22,1.0
53.0,96.0,21.0975,0.0,0.0,11.0,31.09,46.49,8.9,12.3,0.0,62.3,14.92,22.78,74.21,26.0,0.1354,124.14,0.0
35.0,29.0,5.0,0.0,0.0,14.0,11.15,15.12,9.726,7.83,0.0,76.56,20.15,3.3,76.03,67.0,0.185,34.75,0.0
54.0,41.0,10.0,2.0,0.0,10.0,15.84,23.32,9.654,11.87,0.0,82.06,11.85,6.1,100.0,32.0,0.3071,49.78,0.0
30.0,185.0,21.0975,0.0,0.0,17.0,36.87,44.86,8.621,13.46,0.0,84.6,14.62,0.78,100.0,55.0,0.3545,166.07,1.0
34.0,390.0,42.195,2.0,0.0,14.0,58.65,67.44,6.5,12.6,2.0,45.49,35.01,19.5,84.52,83.0,0.2743,281.67,1.0
43.0,269.0,42.195,1.0,0.0,22.0,36.45,53.34,7.668,12.02,1.0,66.91,29.75,3.34,55.9,39.0,0.2442,235.7,1.0
52.0,73.0,10.0,0.0,0.0,10.0,25.73,32.08,9.009,7.35,0.0,58.0,24.28,17.73,85.53,68.0,0.1898,70.6,0.0
28.0,45.0,5.0,0.0,2.0,7.0,14.37,22.8,11.575,4.39,0.0,82.76,14.38,2.86,82.99,41.0,0.2279,48.44,0.0
53.0,156.0,21.0975,1.0,1.0,13.0,37.06,41.58,8.193,8.24,0.0,60.37,31.83,7.8,96.19,86.0,0.2167,168.39,0.0
32.0,122.0,21.0975,0.0,0.0,19.0,35.39,43.6,10.3,8.5,0.0,47.2,33.31,19.49,54.09,87.0,0.089,145.8,0.0
23.0,196.0,42.195,1.0,0.0,12.0,29.72,35.23,9.528,13.09,2.0,53.73,31.35,14.92,86.78,66.0,0.2096,234.73,0.0
25.0,24.0,5.0,2.0,0.0,7.0,8.57,13.03,9.435,7.94,0.0,56.42,23.71,19.87,77.13,49.0,0.4019,29.91,0.0
37.0,77.0,10.0,1.0,0.0,12.0,16.39,19.65,9.133,10.74,0.0,77.41,1.65,20.94,84.23,37.0,0.1005,79.18,1.0
36.0,60.0,10.0,0.0,0.0,15.0,24.66,31.17,11.201,10.08,0.0,47.81,32.49,19.7,65.54,38.0,0.1788,65.89,1.0
31.0,374.0,42.195,0.0,0.0,13.0,56.91,62.38,8.444,14.39,1.0,78.14,12.23,9.63,82.28,72.0,0.4905,261.56,1.0
45.0,45.0,10.0,1.0,2.0,8.0,11.14,16.11,9.643,8.08,0.0,51.83,32.82,15.35,76.7,48.0,0.4398,62.82,0.0
41.0,99.0,21.0975,0.0,2.0,18.0,20.71,25.4,11.878,9.06,0.0,72.05,20.0,7.94,72.71,46.0,0.1602,144.35,0.0
22.0,414.0,42.195,1.0,1.0,20.0,42.0,50.1,9.849,21.0,0.0,40.2,37.77,22.04,79.95,29.0,0.2383,286.26,1.0
33.0,352.0,42.195,1.0,0.0,15.0,46.92,56.57,8.299,13.27,2.0,63.63,26.45,9.92,84.58,29.0,0.2485,287.46,0.0
55.0,184.0,21.0975,1.0,0.0,11.0,35.54,40.74,7.035,8.29,0.0,76.98,0.0,23.02,89.11,74.0,0.278,172.46,1.0
49.0,37.0,5.0,1.0,0.0,10.0,11.16,13.85,9.765,8.78,0.0,62.42,27.53,10.05,87.51,46.0,0.25,40.57,0.0
50.0,63.0,10.0,0.0,2.0,14.0,12.88,18.42,12.252,9.76,0.0,64.26,29.26,6.48,74.49,46.0,0.16,71.6,0.0
48.0,36.0,5.0,1.0,0.0,12.0,22.88,28.12,8.16,7.69,0.0,67.8,27.75,4.45,73.8,49.0,0.1359,39.34,1.0
41.0,394.0,42.195,2.0,2.0,22.0,41.82,46.31,6.5,16.44,4.0,77.04,18.26,4.7,98.11,28.0,0.2935,277.57,1.0
